country,continent,month,cases_in_month,deaths_shifted_back14d,cfr_pct,deaths_per_M
Australia,Oceania,2019-12-01,0,0,,0.0
Australia,Oceania,2020-01-01,4,0,0.0,0.0
Australia,Oceania,2020-02-01,18,4,22.222,0.153
Australia,Oceania,2020-03-01,3787,57,1.505,2.177
Australia,Oceania,2020-04-01,2894,40,1.382,1.528
Australia,Oceania,2020-05-01,482,6,1.245,0.229
Australia,Oceania,2020-06-01,456,6,1.316,0.229
Australia,Oceania,2020-07-01,6309,262,4.153,10.009
Australia,Oceania,2020-08-01,11597,453,3.906,17.305
Australia,Oceania,2020-09-01,1469,83,5.65,3.171
Australia,Oceania,2020-10-01,483,3,0.621,0.115
Australia,Oceania,2020-11-01,386,5,1.295,0.191
Australia,Oceania,2020-12-01,411,3,0.73,0.115
Australia,Oceania,2021-01-01,515,1,0.194,0.038
Australia,Oceania,2021-02-01,159,2,1.258,0.076
Australia,Oceania,2021-03-01,290,1,0.345,0.038
Australia,Oceania,2021-04-01,406,2,0.493,0.076
Australia,Oceania,2021-05-01,432,0,0.0,0.0
Australia,Oceania,2021-06-01,737,2,0.271,0.076
Australia,Oceania,2021-07-01,2960,33,1.115,1.261
Australia,Oceania,2021-08-01,21866,177,0.809,6.762
Australia,Oceania,2021-09-01,48489,401,0.827,15.319
Australia,Oceania,2021-10-01,69834,488,0.699,18.642
Australia,Oceania,2021-11-01,37441,225,0.601,8.595
Australia,Oceania,2021-12-01,155182,445,0.287,16.999
Australia,Oceania,2022-01-01,1956529,2787,0.142,106.466
Australia,Oceania,2022-02-01,693697,857,0.124,32.738
Australia,Oceania,2022-03-01,1150567,686,0.06,26.206
Australia,Oceania,2022-04-01,1351213,1175,0.087,44.886
Australia,Oceania,2022-05-01,1478635,1706,0.115,65.171
Australia,Oceania,2022-06-01,779787,1412,0.181,53.94
Australia,Oceania,2022-07-01,1138110,2805,0.246,107.153
Australia,Oceania,2022-08-01,702093,1158,0.165,44.237
Australia,Oceania,2022-09-01,238051,546,0.229,20.858
Australia,Oceania,2022-10-01,167562,489,0.292,18.68
Australia,Oceania,2022-11-01,245053,863,0.352,32.967
Australia,Oceania,2022-12-01,426137,1727,0.405,65.973
Australia,Oceania,2023-01-01,277460,1257,0.453,48.019
Australia,Oceania,2023-02-01,71730,335,0.467,12.797
Australia,Oceania,2023-03-01,82737,407,0.492,15.548
Australia,Oceania,2023-04-01,139623,432,0.309,16.503
Australia,Oceania,2023-05-01,0,0,,0.0
Brazil,South America,2019-12-01,0,0,,0.0
Brazil,South America,2020-01-01,0,0,,0.0
Brazil,South America,2020-02-01,0,0,,0.0
Brazil,South America,2020-03-01,3417,1056,30.904,4.904
Brazil,South America,2020-04-01,49578,8841,17.833,41.061
Brazil,South America,2020-05-01,412171,31931,7.747,148.3
Brazil,South America,2020-06-01,809808,28570,3.528,132.69
Brazil,South America,2020-07-01,1068392,29174,2.731,135.495
Brazil,South America,2020-08-01,1461437,30824,2.109,143.159
Brazil,South America,2020-09-01,884810,19243,2.175,89.372
Brazil,South America,2020-10-01,664043,12376,1.864,57.479
Brazil,South America,2020-11-01,884694,18422,2.082,85.559
Brazil,South America,2020-12-01,1210210,21023,1.737,97.639
Brazil,South America,2021-01-01,1669953,36029,2.157,167.333
Brazil,South America,2021-02-01,1337117,37616,2.813,174.703
Brazil,South America,2021-03-01,1948784,73613,3.777,341.888
Brazil,South America,2021-04-01,1832664,70396,3.841,326.947
Brazil,South America,2021-05-01,2154852,65121,3.022,302.447
Brazil,South America,2021-06-01,1930830,47453,2.458,220.39
Brazil,South America,2021-07-01,1309683,30074,2.296,139.675
Brazil,South America,2021-08-01,1071463,24084,2.248,111.856
Brazil,South America,2021-09-01,623710,14579,2.337,67.711
Brazil,South America,2021-10-01,465785,10066,2.161,46.75
Brazil,South America,2021-11-01,274229,6200,2.261,28.795
Brazil,South America,2021-12-01,163107,3131,1.92,14.542
Brazil,South America,2022-01-01,2804069,17330,0.618,80.487
Brazil,South America,2022-02-01,3543841,17404,0.491,80.831
Brazil,South America,2022-03-01,1223610,6566,0.537,30.495
Brazil,South America,2022-04-01,536440,2969,0.553,13.789
Brazil,South America,2022-05-01,582448,3869,0.664,17.969
Brazil,South America,2022-06-01,1102021,5379,0.488,24.982
Brazil,South America,2022-07-01,1767532,7914,0.448,36.756
Brazil,South America,2022-08-01,578211,3560,0.616,16.534
Brazil,South America,2022-09-01,255518,1990,0.779,9.242
Brazil,South America,2022-10-01,197800,1853,0.937,8.606
Brazil,South America,2022-11-01,327276,2021,0.618,9.386
Brazil,South America,2022-12-01,974834,4102,0.421,19.051
Brazil,South America,2023-01-01,666930,2883,0.432,13.39
Brazil,South America,2023-02-01,229264,1648,0.719,7.654
Brazil,South America,2023-03-01,184146,1246,0.677,5.787
Brazil,South America,2023-04-01,244741,938,0.383,4.356
Brazil,South America,2023-05-01,0,0,,0.0
China,Asia,2019-12-01,0,1,,0.001
China,Asia,2020-01-01,1985,904,45.542,0.634
China,Asia,2020-02-01,75057,2196,2.926,1.54
China,Asia,2020-03-01,5299,248,4.68,0.174
China,Asia,2020-04-01,1997,1294,64.797,0.908
China,Asia,2020-05-01,232,2,0.862,0.001
China,Asia,2020-06-01,620,3,0.484,0.002
China,Asia,2020-07-01,1649,40,2.426,0.028
China,Asia,2020-08-01,3512,53,1.509,0.037
China,Asia,2020-09-01,615,5,0.813,0.004
China,Asia,2020-10-01,708,2,0.282,0.001
China,Asia,2020-11-01,1655,8,0.483,0.006
China,Asia,2020-12-01,2995,42,1.402,0.029
China,Asia,2021-01-01,4650,40,0.86,0.028
China,Asia,2021-02-01,946,11,1.163,0.008
China,Asia,2021-03-01,778,4,0.514,0.003
China,Asia,2021-04-01,786,5,0.636,0.004
China,Asia,2021-05-01,7662,425,5.547,0.298
China,Asia,2021-06-01,7212,305,4.229,0.214
China,Asia,2021-07-01,1855,69,3.72,0.048
China,Asia,2021-08-01,2782,30,1.078,0.021
China,Asia,2021-09-01,1500,8,0.533,0.006
China,Asia,2021-10-01,1583,2,0.126,0.001
China,Asia,2021-11-01,1686,0,0.0,0.0
China,Asia,2021-12-01,3094,2,0.065,0.001
China,Asia,2022-01-01,8134,7,0.086,0.005
China,Asia,2022-02-01,162162,3776,2.329,2.648
China,Asia,2022-03-01,589113,4780,0.811,3.352
China,Asia,2022-04-01,126894,1188,0.936,0.833
China,Asia,2022-05-01,1861172,3446,0.185,2.417
China,Asia,2022-06-01,1733603,3471,0.2,2.434
China,Asia,2022-07-01,1004184,1891,0.188,1.326
China,Asia,2022-08-01,696924,1096,0.157,0.769
China,Asia,2022-09-01,1091501,1690,0.155,1.185
China,Asia,2022-10-01,1509174,2326,0.154,1.631
China,Asia,2022-11-01,693865,2068,0.298,1.45
China,Asia,2022-12-01,52838066,38441,0.073,26.959
China,Asia,2023-01-01,35998934,49047,0.136,34.398
China,Asia,2023-02-01,537561,1584,0.295,1.111
China,Asia,2023-03-01,255961,395,0.154,0.277
China,Asia,2023-04-01,9275,56,0.604,0.039
China,Asia,2023-05-01,0,0,,0.0
France,Europe,2019-12-01,0,0,,0.0
France,Europe,2020-01-01,3,0,0.0,0.0
France,Europe,2020-02-01,13,0,0.0,0.0
France,Europe,2020-03-01,0,9332,,137.614
France,Europe,2020-04-01,0,7288,,107.472
France,Europe,2020-05-01,8453,2432,28.771,35.863
France,Europe,2020-06-01,9663,490,5.071,7.226
France,Europe,2020-07-01,14252,338,2.372,4.984
France,Europe,2020-08-01,98186,705,0.718,10.396
France,Europe,2020-09-01,257619,2239,0.869,33.017
France,Europe,2020-10-01,620142,10685,1.723,157.566
France,Europe,2020-11-01,1004074,23523,2.343,346.88
France,Europe,2020-12-01,325853,12846,3.942,189.433
France,Europe,2021-01-01,592826,15988,2.697,235.766
France,Europe,2021-02-01,484134,8572,1.771,126.406
France,Europe,2021-03-01,675024,7712,1.142,113.725
France,Europe,2021-04-01,827241,7516,0.909,110.834
France,Europe,2021-05-01,474253,3821,0.806,56.346
France,Europe,2021-06-01,98997,856,0.865,12.623
France,Europe,2021-07-01,201958,737,0.365,10.868
France,Europe,2021-08-01,686943,2442,0.355,36.011
France,Europe,2021-09-01,233452,1184,0.507,17.46
France,Europe,2021-10-01,161023,976,0.606,14.393
France,Europe,2021-11-01,429341,2293,0.534,33.814
France,Europe,2021-12-01,1506476,4989,0.331,73.57
France,Europe,2022-01-01,9575270,9074,0.095,133.809
France,Europe,2022-02-01,3625723,4990,0.138,73.585
France,Europe,2022-03-01,2205833,3108,0.141,45.832
France,Europe,2022-04-01,3249330,3357,0.103,49.504
France,Europe,2022-05-01,1133747,1946,0.172,28.697
France,Europe,2022-06-01,1096518,1244,0.113,18.345
France,Europe,2022-07-01,3171066,2960,0.093,43.649
France,Europe,2022-08-01,599636,1295,0.216,19.097
France,Europe,2022-09-01,638530,950,0.149,14.009
France,Europe,2022-10-01,1659192,2273,0.137,33.519
France,Europe,2022-11-01,819993,1978,0.241,29.168
France,Europe,2022-12-01,1504783,3111,0.207,45.876
France,Europe,2023-01-01,337752,1661,0.492,24.494
France,Europe,2023-02-01,99062,627,0.633,9.246
France,Europe,2023-03-01,162067,729,0.45,10.75
France,Europe,2023-04-01,254156,691,0.272,10.19
France,Europe,2023-05-01,0,0,,0.0
Germany,Europe,2019-12-01,0,3,,0.036
Germany,Europe,2020-01-01,2,6,300.0,0.072
Germany,Europe,2020-02-01,29,14,48.276,0.168
Germany,Europe,2020-03-01,63873,6173,9.664,74.044
Germany,Europe,2020-04-01,92908,2599,2.797,31.174
Germany,Europe,2020-05-01,25270,420,1.662,5.038
Germany,Europe,2020-06-01,12061,113,0.937,1.355
Germany,Europe,2020-07-01,12100,135,1.116,1.619
Germany,Europe,2020-08-01,37305,183,0.491,2.195
Germany,Europe,2020-09-01,43743,560,1.28,6.717
Germany,Europe,2020-10-01,158914,5010,3.153,60.094
Germany,Europe,2020-11-01,616085,19605,3.182,235.157
Germany,Europe,2020-12-01,597888,23691,3.962,284.168
Germany,Europe,2021-01-01,561112,16253,2.897,194.951
Germany,Europe,2021-02-01,224108,4858,2.168,58.27
Germany,Europe,2021-03-01,338735,5975,1.764,71.669
Germany,Europe,2021-04-01,514894,5566,1.081,66.763
Germany,Europe,2021-05-01,378814,1593,0.421,19.108
Germany,Europe,2021-06-01,46886,127,0.271,1.523
Germany,Europe,2021-07-01,31744,231,0.728,2.771
Germany,Europe,2021-08-01,184045,1600,0.869,19.192
Germany,Europe,2021-09-01,261487,1651,0.631,19.803
Germany,Europe,2021-10-01,414599,6864,1.656,82.332
Germany,Europe,2021-11-01,1204044,11181,0.929,134.113
Germany,Europe,2021-12-01,1193397,5180,0.434,62.133
Germany,Europe,2022-01-01,2943869,5886,0.2,70.601
Germany,Europe,2022-02-01,4888949,6815,0.139,81.744
Germany,Europe,2022-03-01,5719250,6643,0.116,79.681
Germany,Europe,2022-04-01,3790172,3012,0.079,36.128
Germany,Europe,2022-05-01,1956766,1469,0.075,17.62
Germany,Europe,2022-06-01,1564591,2280,0.146,27.348
Germany,Europe,2022-07-01,3050163,4541,0.149,54.468
Germany,Europe,2022-08-01,1152536,1658,0.144,19.887
Germany,Europe,2022-09-01,921289,3038,0.33,36.44
Germany,Europe,2022-10-01,2616430,5424,0.207,65.059
Germany,Europe,2022-11-01,785849,2954,0.376,35.432
Germany,Europe,2022-12-01,838029,4226,0.504,50.69
Germany,Europe,2023-01-01,507137,1985,0.391,23.81
Germany,Europe,2023-02-01,382122,2307,0.604,27.672
Germany,Europe,2023-03-01,203025,1880,0.926,22.55
Germany,Europe,2023-04-01,71037,697,0.981,8.36
Germany,Europe,2023-05-01,0,0,,0.0
India,Asia,2019-12-01,0,0,,0.0
India,Asia,2020-01-01,0,0,,0.0
India,Asia,2020-02-01,7,0,0.0,0.0
India,Asia,2020-03-01,972,273,28.086,0.193
India,Asia,2020-04-01,25517,1836,7.195,1.296
India,Asia,2020-05-01,155647,7086,4.553,5.0
India,Asia,2020-06-01,346716,13479,3.888,9.511
India,Asia,2020-07-01,856663,20705,2.417,14.61
India,Asia,2020-08-01,2157211,35207,1.632,24.843
India,Asia,2020-09-01,2449799,29748,1.214,20.991
India,Asia,2020-10-01,1872279,17787,0.95,12.551
India,Asia,2020-11-01,1528108,16898,1.106,11.924
India,Asia,2020-12-01,794931,7980,1.004,5.631
India,Asia,2021-01-01,558333,4643,0.832,3.276
India,Asia,2021-02-01,350548,2965,0.846,2.092
India,Asia,2021-03-01,874893,10668,1.219,7.528
India,Asia,2021-04-01,4988548,73087,1.465,51.572
India,Asia,2021-05-01,10934628,128022,1.171,90.336
India,Asia,2021-06-01,2338383,37656,1.61,26.571
India,Asia,2021-07-01,1138718,19822,1.741,13.987
India,Asia,2021-08-01,1323129,14793,1.118,10.438
India,Asia,2021-09-01,957715,7934,0.828,5.598
India,Asia,2021-10-01,620555,12941,2.085,9.132
India,Asia,2021-11-01,299223,11904,3.978,8.4
India,Asia,2021-12-01,214279,8356,3.9,5.896
India,Asia,2022-01-01,6305720,24875,0.394,17.553
India,Asia,2022-02-01,1823595,7185,0.394,5.07
India,Asia,2022-03-01,103336,5835,5.647,4.117
India,Asia,2022-04-01,38092,2379,6.245,1.679
India,Asia,2022-05-01,95498,697,0.73,0.492
India,Asia,2022-06-01,236930,667,0.282,0.471
India,Asia,2022-07-01,629838,1609,0.255,1.135
India,Asia,2022-08-01,388321,1113,0.287,0.785
India,Asia,2022-09-01,159982,649,0.406,0.458
India,Asia,2022-10-01,84152,1732,2.058,1.222
India,Asia,2022-11-01,19296,127,0.658,0.09
India,Asia,2022-12-01,5544,62,1.118,0.044
India,Asia,2023-01-01,5533,30,0.542,0.021
India,Asia,2023-02-01,3378,31,0.918,0.022
India,Asia,2023-03-01,18130,184,1.015,0.13
India,Asia,2023-04-01,241242,568,0.235,0.401
India,Asia,2023-05-01,0,0,,0.0
Israel,Asia,2019-12-01,0,0,,0.0
Israel,Asia,2020-01-01,0,0,,0.0
Israel,Asia,2020-02-01,10,0,0.0,0.0
Israel,Asia,2020-03-01,3894,103,2.645,10.901
Israel,Asia,2020-04-01,11371,149,1.31,15.769
Israel,Asia,2020-05-01,1695,53,3.127,5.609
Israel,Asia,2020-06-01,6519,70,1.074,7.408
Israel,Asia,2020-07-01,37841,286,0.756,30.268
Israel,Asia,2020-08-01,52216,484,0.927,51.222
Israel,Asia,2020-09-01,115107,833,0.724,88.157
Israel,Asia,2020-10-01,80792,704,0.871,74.505
Israel,Asia,2020-11-01,25220,326,1.293,34.501
Israel,Asia,2020-12-01,64440,669,1.038,70.801
Israel,Asia,2021-01-01,241337,1684,0.698,178.22
Israel,Asia,2021-02-01,133777,629,0.47,66.568
Israel,Asia,2021-03-01,57955,318,0.549,33.654
Israel,Asia,2021-04-01,6080,96,1.579,10.16
Israel,Asia,2021-05-01,1648,28,1.699,2.963
Israel,Asia,2021-06-01,1486,9,0.606,0.952
Israel,Asia,2021-07-01,19235,127,0.66,13.441
Israel,Asia,2021-08-01,188739,859,0.455,90.909
Israel,Asia,2021-09-01,215819,519,0.24,54.926
Israel,Asia,2021-10-01,64057,221,0.345,23.389
Israel,Asia,2021-11-01,13634,65,0.477,6.879
Israel,Asia,2021-12-01,21896,54,0.247,5.715
Israel,Asia,2022-01-01,1417893,1476,0.104,156.207
Israel,Asia,2022-02-01,837264,659,0.079,69.743
Israel,Asia,2022-03-01,233596,231,0.099,24.447
Israel,Asia,2022-04-01,203820,160,0.079,16.933
Israel,Asia,2022-05-01,79001,81,0.103,8.572
Israel,Asia,2022-06-01,161199,252,0.156,26.669
Israel,Asia,2022-07-01,282338,406,0.144,42.968
Israel,Asia,2022-08-01,50341,126,0.25,13.335
Israel,Asia,2022-09-01,27338,54,0.198,5.715
Israel,Asia,2022-10-01,25487,82,0.322,8.678
Israel,Asia,2022-11-01,32559,130,0.399,13.758
Israel,Asia,2022-12-01,41100,170,0.414,17.991
Israel,Asia,2023-01-01,28085,131,0.466,13.864
Israel,Asia,2023-02-01,12969,95,0.733,10.054
Israel,Asia,2023-03-01,14149,94,0.664,9.948
Israel,Asia,2023-04-01,9902,66,0.667,6.985
Israel,Asia,2023-05-01,0,0,,0.0
Italy,Europe,2019-12-01,0,0,,0.0
Italy,Europe,2020-01-01,0,0,,0.0
Italy,Europe,2020-02-01,79,233,294.937,3.947
Italy,Europe,2020-03-01,92393,19235,20.819,325.81
Italy,Europe,2020-04-01,102879,10927,10.621,185.086
Italy,Europe,2020-05-01,37313,3906,10.468,66.161
Italy,Europe,2020-06-01,7871,644,8.182,10.908
Italy,Europe,2020-07-01,5728,258,4.504,4.37
Italy,Europe,2020-08-01,20989,400,1.906,6.775
Italy,Europe,2020-09-01,41251,537,1.302,9.096
Italy,Europe,2020-10-01,196405,4923,2.507,83.388
Italy,Europe,2020-11-01,1060023,22973,2.167,389.126
Italy,Europe,2020-12-01,474251,14358,3.028,243.201
Italy,Europe,2021-01-01,502601,14962,2.977,253.432
Italy,Europe,2021-02-01,366042,8525,2.329,144.4
Italy,Europe,2021-03-01,604565,12042,1.992,203.972
Italy,Europe,2021-04-01,437127,8771,2.007,148.567
Italy,Europe,2021-05-01,263538,4282,1.625,72.53
Italy,Europe,2021-06-01,44234,792,1.79,13.415
Italy,Europe,2021-07-01,55384,441,0.796,7.47
Italy,Europe,2021-08-01,211619,1676,0.792,28.389
Italy,Europe,2021-09-01,132923,1389,1.045,23.527
Italy,Europe,2021-10-01,110225,1465,1.329,24.815
Italy,Europe,2021-11-01,227451,2026,0.891,34.317
Italy,Europe,2021-12-01,627540,4116,0.656,69.718
Italy,Europe,2022-01-01,5198944,11943,0.23,202.295
Italy,Europe,2022-02-01,1911305,5958,0.312,100.919
Italy,Europe,2022-03-01,1571431,3876,0.247,65.653
Italy,Europe,2022-04-01,1775098,3759,0.212,63.671
Italy,Europe,2022-05-01,1294532,2948,0.228,49.934
Italy,Europe,2022-06-01,811176,1697,0.209,28.744
Italy,Europe,2022-07-01,2817856,4920,0.175,83.337
Italy,Europe,2022-08-01,786089,2193,0.279,37.146
Italy,Europe,2022-09-01,495950,1303,0.263,22.071
Italy,Europe,2022-10-01,1246211,2661,0.214,45.073
Italy,Europe,2022-11-01,796641,2480,0.311,42.007
Italy,Europe,2022-12-01,732839,2913,0.397,49.342
Italy,Europe,2023-01-01,404297,2086,0.516,35.333
Italy,Europe,2023-02-01,120360,976,0.811,16.532
Italy,Europe,2023-03-01,94988,709,0.746,12.009
Italy,Europe,2023-04-01,115361,483,0.419,8.181
Italy,Europe,2023-05-01,0,0,,0.0
Japan,Asia,2019-12-01,0,0,,0.0
Japan,Asia,2020-01-01,3,0,0.0,0.0
Japan,Asia,2020-02-01,129,6,4.651,0.048
Japan,Asia,2020-03-01,1561,92,5.894,0.742
Japan,Asia,2020-04-01,11489,515,4.483,4.155
Japan,Asia,2020-05-01,3669,312,8.504,2.517
Japan,Asia,2020-06-01,1539,57,3.704,0.46
Japan,Asia,2020-07-01,10992,58,0.528,0.468
Japan,Asia,2020-08-01,37882,399,1.053,3.219
Japan,Asia,2020-09-01,14426,188,1.303,1.517
Japan,Asia,2020-10-01,14844,185,1.246,1.493
Japan,Asia,2020-11-01,48119,750,1.559,6.051
Japan,Asia,2020-12-01,72659,1434,1.974,11.569
Japan,Asia,2021-01-01,172206,2916,1.693,23.525
Japan,Asia,2021-02-01,43255,1648,3.81,13.296
Japan,Asia,2021-03-01,35841,822,2.293,6.632
Japan,Asia,2021-04-01,98249,1494,1.521,12.053
Japan,Asia,2021-05-01,177624,3195,1.799,25.776
Japan,Asia,2021-06-01,51269,884,1.724,7.132
Japan,Asia,2021-07-01,74689,325,0.435,2.622
Japan,Asia,2021-08-01,583919,1517,0.26,12.239
Japan,Asia,2021-09-01,240311,1144,0.476,9.229
Japan,Asia,2021-10-01,28189,386,1.369,3.114
Japan,Asia,2021-11-01,4279,46,1.075,0.371
Japan,Asia,2021-12-01,4646,30,0.646,0.242
Japan,Asia,2022-01-01,937849,1956,0.209,15.78
Japan,Asia,2022-02-01,2284982,5795,0.254,46.752
Japan,Asia,2022-03-01,1423099,2530,0.178,20.411
Japan,Asia,2022-04-01,1282293,1129,0.088,9.108
Japan,Asia,2022-05-01,1151602,1097,0.095,8.85
Japan,Asia,2022-06-01,441772,535,0.121,4.316
Japan,Asia,2022-07-01,3299624,3926,0.119,31.674
Japan,Asia,2022-08-01,5627415,7423,0.132,59.886
Japan,Asia,2022-09-01,2843389,2717,0.096,21.92
Japan,Asia,2022-10-01,1249437,2204,0.176,17.781
Japan,Asia,2022-11-01,2197306,4328,0.197,34.917
Japan,Asia,2022-12-01,3795848,6453,0.17,52.061
Japan,Asia,2023-01-01,4153227,12199,0.294,98.417
Japan,Asia,2023-02-01,752935,2504,0.333,20.201
Japan,Asia,2023-03-01,242894,897,0.369,7.237
Japan,Asia,2023-04-01,298556,446,0.149,3.598
Japan,Asia,2023-05-01,0,0,,0.0
Mexico,North America,2019-12-01,0,0,,0.0
Mexico,North America,2020-01-01,0,0,,0.0
Mexico,North America,2020-02-01,1,0,0.0,0.0
Mexico,North America,2020-03-01,2116,556,26.276,4.361
Mexico,North America,2020-04-01,20647,7456,36.112,58.477
Mexico,North America,2020-05-01,97465,20989,21.535,164.614
Mexico,North America,2020-06-01,142271,19900,13.987,156.073
Mexico,North America,2020-07-01,187911,21283,11.326,166.92
Mexico,North America,2020-08-01,204362,19082,9.337,149.658
Mexico,North America,2020-09-01,137587,10869,7.9,85.244
Mexico,North America,2020-10-01,148786,12614,8.478,98.93
Mexico,North America,2020-11-01,232893,20209,8.677,158.497
Mexico,North America,2020-12-01,279375,25116,8.99,196.982
Mexico,North America,2021-01-01,483337,43140,8.925,338.342
Mexico,North America,2021-02-01,200130,17070,8.529,133.878
Mexico,North America,2021-03-01,131463,9656,7.345,75.731
Mexico,North America,2021-04-01,91921,6098,6.634,47.826
Mexico,North America,2021-05-01,79862,3898,4.881,30.572
Mexico,North America,2021-06-01,88161,3500,3.97,27.45
Mexico,North America,2021-07-01,274039,10983,4.008,86.138
Mexico,North America,2021-08-01,609632,25640,4.206,201.092
Mexico,North America,2021-09-01,280455,12618,4.499,98.962
Mexico,North America,2021-10-01,161218,7185,4.457,56.351
Mexico,North America,2021-11-01,75485,3735,4.948,29.293
Mexico,North America,2021-12-01,72862,3337,4.58,26.172
Mexico,North America,2022-01-01,1348049,14592,1.082,114.443
Mexico,North America,2022-02-01,351776,5418,1.54,42.493
Mexico,North America,2022-03-01,52426,828,1.579,6.494
Mexico,North America,2022-04-01,18331,224,1.222,1.757
Mexico,North America,2022-05-01,33663,184,0.547,1.443
Mexico,North America,2022-06-01,206500,695,0.337,5.451
Mexico,North America,2022-07-01,868468,2823,0.325,22.14
Mexico,North America,2022-08-01,190117,799,0.42,6.266
Mexico,North America,2022-09-01,43830,249,0.568,1.953
Mexico,North America,2022-10-01,17441,115,0.659,0.902
Mexico,North America,2022-11-01,20388,185,0.907,1.451
Mexico,North America,2022-12-01,92622,762,0.823,5.976
Mexico,North America,2023-01-01,141495,1155,0.816,9.059
Mexico,North America,2023-02-01,79274,492,0.621,3.859
Mexico,North America,2023-03-01,74109,365,0.493,2.863
Mexico,North America,2023-04-01,52410,214,0.408,1.678
Mexico,North America,2023-05-01,0,0,,0.0
South Africa,Africa,2019-12-01,0,0,,0.0
South Africa,Africa,2020-01-01,0,0,,0.0
South Africa,Africa,2020-02-01,0,0,,0.0
South Africa,Africa,2020-03-01,1187,28,2.359,0.467
South Africa,Africa,2020-04-01,3174,158,4.978,2.638
South Africa,Africa,2020-05-01,26606,2261,8.498,37.75
South Africa,Africa,2020-06-01,100833,4010,3.977,66.952
South Africa,Africa,2020-07-01,302400,6239,2.063,104.168
South Africa,Africa,2020-08-01,188351,5217,2.77,87.104
South Africa,Africa,2020-09-01,46947,2131,4.539,35.58
South Africa,Africa,2020-10-01,44748,454,1.015,7.58
South Africa,Africa,2020-11-01,70893,2608,3.679,43.544
South Africa,Africa,2020-12-01,209772,9718,4.633,162.254
South Africa,Africa,2021-01-01,454325,14997,3.301,250.393
South Africa,Africa,2021-02-01,62989,3440,5.461,57.435
South Africa,Africa,2021-03-01,32241,1995,6.188,33.309
South Africa,Africa,2021-04-01,29904,1468,4.909,24.51
South Africa,Africa,2021-05-01,84700,2929,3.458,48.903
South Africa,Africa,2021-06-01,254791,6485,2.545,108.275
South Africa,Africa,2021-07-01,454244,10485,2.308,175.06
South Africa,Africa,2021-08-01,389086,10128,2.603,169.099
South Africa,Africa,2021-09-01,138785,3541,2.551,59.121
South Africa,Africa,2021-10-01,25910,1184,4.57,19.768
South Africa,Africa,2021-11-01,36662,640,1.746,10.686
South Africa,Africa,2021-12-01,449389,2255,0.502,37.65
South Africa,Africa,2022-01-01,193693,4614,2.382,77.036
South Africa,Africa,2022-02-01,70361,2727,3.876,45.531
South Africa,Africa,2022-03-01,40272,384,0.954,6.411
South Africa,Africa,2022-04-01,47426,420,0.886,7.012
South Africa,Africa,2022-05-01,192504,961,0.499,16.045
South Africa,Africa,2022-06-01,40256,399,0.991,6.662
South Africa,Africa,2022-07-01,12675,106,0.836,1.77
South Africa,Africa,2022-08-01,6086,147,2.415,2.454
South Africa,Africa,2022-09-01,5953,65,1.092,1.085
South Africa,Africa,2022-10-01,10581,177,1.673,2.955
South Africa,Africa,2022-11-01,13195,179,1.357,2.989
South Africa,Africa,2022-12-01,7293,18,0.247,0.301
South Africa,Africa,2023-01-01,7424,27,0.364,0.451
South Africa,Africa,2023-02-01,5922,0,0.0,0.0
South Africa,Africa,2023-03-01,10955,0,0.0,0.0
South Africa,Africa,2023-04-01,0,0,,0.0
South Africa,Africa,2023-05-01,0,0,,0.0
South Korea,Asia,2019-12-01,0,0,,0.0
South Korea,Asia,2020-01-01,3,0,0.0,0.0
South Korea,Asia,2020-02-01,553,50,9.042,0.965
South Korea,Asia,2020-03-01,9027,164,1.817,3.165
South Korea,Asia,2020-04-01,1145,42,3.668,0.811
South Korea,Asia,2020-05-01,740,21,2.838,0.405
South Korea,Asia,2020-06-01,1247,12,0.962,0.232
South Korea,Asia,2020-07-01,1435,16,1.115,0.309
South Korea,Asia,2020-08-01,5549,53,0.955,1.023
South Korea,Asia,2020-09-01,3912,74,1.892,1.428
South Korea,Asia,2020-10-01,2225,46,2.067,0.888
South Korea,Asia,2020-11-01,7925,102,1.287,1.969
South Korea,Asia,2020-12-01,23094,545,2.36,10.518
South Korea,Asia,2021-01-01,21648,397,1.834,7.662
South Korea,Asia,2021-02-01,11517,147,1.276,2.837
South Korea,Asia,2021-03-01,12107,99,0.818,1.911
South Korea,Asia,2021-04-01,17251,107,0.62,2.065
South Korea,Asia,2021-05-01,20960,113,0.539,2.181
South Korea,Asia,2021-06-01,15234,56,0.368,1.081
South Korea,Asia,2021-07-01,34594,81,0.234,1.563
South Korea,Asia,2021-08-01,59883,235,0.392,4.535
South Korea,Asia,2021-09-01,53504,223,0.417,4.304
South Korea,Asia,2021-10-01,62832,532,0.847,10.267
South Korea,Asia,2021-11-01,77813,1178,1.514,22.734
South Korea,Asia,2021-12-01,167469,1778,1.062,34.314
South Korea,Asia,2022-01-01,234032,1031,0.441,19.897
South Korea,Asia,2022-02-01,2288757,3493,0.153,67.412
South Korea,Asia,2022-03-01,8868418,9084,0.102,175.313
South Korea,Asia,2022-04-01,4926630,3721,0.076,71.812
South Korea,Asia,2022-05-01,1156943,990,0.086,19.106
South Korea,Asia,2022-06-01,242976,278,0.114,5.365
South Korea,Asia,2022-07-01,1446627,1042,0.072,20.11
South Korea,Asia,2022-08-01,3207768,1823,0.057,35.182
South Korea,Asia,2022-09-01,1636310,1175,0.072,22.676
South Korea,Asia,2022-10-01,918671,1040,0.113,20.071
South Korea,Asia,2022-11-01,1398717,1380,0.099,26.633
South Korea,Asia,2022-12-01,1721539,1368,0.079,26.401
South Korea,Asia,2023-01-01,1490546,1251,0.084,24.143
South Korea,Asia,2023-02-01,349277,368,0.105,7.102
South Korea,Asia,2023-03-01,270378,217,0.08,4.188
South Korea,Asia,2023-04-01,401630,155,0.039,2.991
South Korea,Asia,2023-05-01,0,0,,0.0
Sweden,Europe,2019-12-01,0,0,,0.0
Sweden,Europe,2020-01-01,0,0,,0.0
Sweden,Europe,2020-02-01,1,0,0.0,0.0
Sweden,Europe,2020-03-01,3663,1257,34.316,119.154
Sweden,Europe,2020-04-01,14904,2279,15.291,216.032
Sweden,Europe,2020-05-01,19828,1538,7.757,145.791
Sweden,Europe,2020-06-01,27522,539,1.958,51.093
Sweden,Europe,2020-07-01,9769,127,1.3,12.039
Sweden,Europe,2020-08-01,8503,72,0.847,6.825
Sweden,Europe,2020-09-01,7804,62,0.794,5.877
Sweden,Europe,2020-10-01,22348,278,1.244,26.352
Sweden,Europe,2020-11-01,140463,1911,1.361,181.149
Sweden,Europe,2020-12-01,163324,2574,1.576,243.996
Sweden,Europe,2021-01-01,155625,2038,1.31,193.187
Sweden,Europe,2021-02-01,91100,594,0.652,56.307
Sweden,Europe,2021-03-01,126469,533,0.421,50.524
Sweden,Europe,2021-04-01,156813,495,0.316,46.922
Sweden,Europe,2021-05-01,120852,305,0.252,28.912
Sweden,Europe,2021-06-01,20262,36,0.178,3.413
Sweden,Europe,2021-07-01,7935,15,0.189,1.422
Sweden,Europe,2021-08-01,27040,106,0.392,10.048
Sweden,Europe,2021-09-01,25791,187,0.725,17.726
Sweden,Europe,2021-10-01,23276,151,0.649,14.314
Sweden,Europe,2021-11-01,29334,112,0.382,10.617
Sweden,Europe,2021-12-01,83982,282,0.336,26.732
Sweden,Europe,2022-01-01,857810,1378,0.161,130.624
Sweden,Europe,2022-02-01,301949,1173,0.388,111.192
Sweden,Europe,2022-03-01,39244,611,1.557,57.918
Sweden,Europe,2022-04-01,14821,253,1.707,23.983
Sweden,Europe,2022-05-01,9071,162,1.786,15.356
Sweden,Europe,2022-06-01,8315,160,1.924,15.167
Sweden,Europe,2022-07-01,25345,493,1.945,46.733
Sweden,Europe,2022-08-01,24574,408,1.66,38.675
Sweden,Europe,2022-09-01,19865,386,1.943,36.59
Sweden,Europe,2022-10-01,27750,434,1.564,41.14
Sweden,Europe,2022-11-01,15034,446,2.967,42.277
Sweden,Europe,2022-12-01,41495,1381,3.328,130.909
Sweden,Europe,2023-01-01,22378,844,3.772,80.005
Sweden,Europe,2023-02-01,3870,168,4.341,15.925
Sweden,Europe,2023-03-01,2510,138,5.498,13.081
Sweden,Europe,2023-04-01,5480,176,3.212,16.683
Sweden,Europe,2023-05-01,0,0,,0.0
United Kingdom,Europe,2019-12-01,0,0,,0.0
United Kingdom,Europe,2020-01-01,0,2,,0.03
United Kingdom,Europe,2020-02-01,35,7,20.0,0.104
United Kingdom,Europe,2020-03-01,23746,17076,71.911,252.944
United Kingdom,Europe,2020-04-01,125923,27143,21.555,402.065
United Kingdom,Europe,2020-05-01,104516,10225,9.783,151.461
United Kingdom,Europe,2020-06-01,28098,2190,7.794,32.44
United Kingdom,Europe,2020-07-01,17867,779,4.36,11.539
United Kingdom,Europe,2020-08-01,36321,567,1.561,8.399
United Kingdom,Europe,2020-09-01,108400,1455,1.342,21.553
United Kingdom,Europe,2020-10-01,456263,6917,1.516,102.461
United Kingdom,Europe,2020-11-01,738805,16270,2.202,241.005
United Kingdom,Europe,2020-12-01,704459,19700,2.796,291.813
United Kingdom,Europe,2021-01-01,1536291,38804,2.526,574.798
United Kingdom,Europe,2021-02-01,366566,9565,2.609,141.685
United Kingdom,Europe,2021-03-01,157973,2269,1.436,33.61
United Kingdom,Europe,2021-04-01,81511,782,0.959,11.584
United Kingdom,Europe,2021-05-01,84316,440,0.522,6.518
United Kingdom,Europe,2021-06-01,258295,654,0.253,9.688
United Kingdom,Europe,2021-07-01,981431,2067,0.211,30.618
United Kingdom,Europe,2021-08-01,1062571,4264,0.401,63.162
United Kingdom,Europe,2021-09-01,949736,3841,0.404,56.896
United Kingdom,Europe,2021-10-01,1409681,5567,0.395,82.463
United Kingdom,Europe,2021-11-01,1113975,3844,0.345,56.941
United Kingdom,Europe,2021-12-01,2228000,4076,0.183,60.377
United Kingdom,Europe,2022-01-01,4779759,7141,0.149,105.779
United Kingdom,Europe,2022-02-01,1576423,3366,0.214,49.86
United Kingdom,Europe,2022-03-01,1902349,4825,0.254,71.472
United Kingdom,Europe,2022-04-01,1134325,4093,0.361,60.629
United Kingdom,Europe,2022-05-01,322605,1903,0.59,28.189
United Kingdom,Europe,2022-06-01,345518,1871,0.542,27.715
United Kingdom,Europe,2022-07-01,707226,4077,0.576,60.392
United Kingdom,Europe,2022-08-01,167416,1662,0.993,24.619
United Kingdom,Europe,2022-09-01,132675,1659,1.25,24.575
United Kingdom,Europe,2022-10-01,272291,3350,1.23,49.623
United Kingdom,Europe,2022-11-01,96870,1609,1.661,23.834
United Kingdom,Europe,2022-12-01,146801,3207,2.185,47.505
United Kingdom,Europe,2023-01-01,125204,2993,2.39,44.335
United Kingdom,Europe,2023-02-01,100214,2261,2.256,33.492
United Kingdom,Europe,2023-03-01,121646,2748,2.259,40.706
United Kingdom,Europe,2023-04-01,81298,1476,1.816,21.864
United Kingdom,Europe,2023-05-01,0,0,,0.0
United States,North America,2019-12-01,0,0,,0.0
United States,North America,2020-01-01,7,0,0.0,0.0
United States,North America,2020-02-01,33,19,57.576,0.056
United States,North America,2020-03-01,126269,22618,17.913,66.86
United States,North America,2020-04-01,796638,57190,7.179,169.056
United States,North America,2020-05-01,862475,36855,4.273,108.945
United States,North America,2020-06-01,739955,20516,2.773,60.646
United States,North America,2020-07-01,1668539,30337,1.818,89.678
United States,North America,2020-08-01,1780555,31106,1.747,91.951
United States,North America,2020-09-01,1126625,19254,1.709,56.916
United States,North America,2020-10-01,1469669,23824,1.621,70.425
United States,North America,2020-11-01,4692217,64002,1.364,189.193
United States,North America,2020-12-01,5627464,78346,1.392,231.594
United States,North America,2021-01-01,6972587,107994,1.549,319.235
United States,North America,2021-02-01,2467058,46797,1.897,138.334
United States,North America,2021-03-01,1602108,22630,1.413,66.895
United States,North America,2021-04-01,1779222,18540,1.042,54.805
United States,North America,2021-05-01,1193501,16430,1.377,48.568
United States,North America,2021-06-01,366941,7089,1.932,20.955
United States,North America,2021-07-01,965153,11395,1.181,33.684
United States,North America,2021-08-01,4291462,47669,1.111,140.912
United States,North America,2021-09-01,4056569,51650,1.273,152.68
United States,North America,2021-10-01,3054638,45404,1.486,134.216
United States,North America,2021-11-01,2336661,32856,1.406,97.124
United States,North America,2021-12-01,3902514,40928,1.049,120.985
United States,North America,2022-01-01,21878018,85295,0.39,252.136
United States,North America,2022-02-01,4577250,46702,1.02,138.053
United States,North America,2022-03-01,969050,15875,1.638,46.927
United States,North America,2022-04-01,944316,10449,1.107,30.888
United States,North America,2022-05-01,2924377,10939,0.374,32.336
United States,North America,2022-06-01,2798564,9799,0.35,28.966
United States,North America,2022-07-01,4262448,15788,0.37,46.67
United States,North America,2022-08-01,2744923,12167,0.443,35.966
United States,North America,2022-09-01,1805498,11146,0.617,32.948
United States,North America,2022-10-01,1391988,13063,0.938,38.615
United States,North America,2022-11-01,1125356,9619,0.855,28.434
United States,North America,2022-12-01,1718845,10929,0.636,32.307
United States,North America,2023-01-01,1914901,18706,0.977,55.296
United States,North America,2023-02-01,1085170,9303,0.857,27.5
United States,North America,2023-03-01,678002,7300,1.077,21.579
United States,North America,2023-04-01,568838,3534,0.621,10.447
United States,North America,2023-05-01,0,0,,0.0
