country,date,actual,trend,seasonal,residual
United States,2020-01-10,0.0,0.0,-20.08,20.08
United States,2020-01-11,0.0,0.0,-28.31,28.31
United States,2020-01-12,0.0,0.0,27.86,-27.86
United States,2020-01-13,0.0,0.0,18.05,-18.05
United States,2020-01-14,0.0,0.0,8.32,-8.32
United States,2020-01-15,0.0,0.0,-1.32,1.32
United States,2020-01-16,0.0,0.0,-10.84,10.84
United States,2020-01-17,0.0,0.0,-20.08,20.08
United States,2020-01-18,0.0,0.0,-28.31,28.31
United States,2020-01-19,0.0,0.07,27.86,-27.92
United States,2020-01-20,0.0,0.13,18.05,-18.19
United States,2020-01-21,0.0,0.2,8.32,-8.52
United States,2020-01-22,0.0,0.27,-1.32,1.05
United States,2020-01-23,0.0,0.33,-10.84,10.51
United States,2020-01-24,0.0,0.4,-20.08,19.68
United States,2020-01-25,0.0,0.47,-28.31,27.84
United States,2020-01-26,1.0,0.49,27.86,-27.34
United States,2020-01-27,1.0,0.51,18.05,-17.56
United States,2020-01-28,1.0,0.52,8.32,-7.85
United States,2020-01-29,1.0,0.54,-1.32,1.78
United States,2020-01-30,1.0,0.56,-10.84,11.28
United States,2020-01-31,1.0,0.58,-20.08,20.5
United States,2020-02-01,1.0,0.6,-28.31,28.7
United States,2020-02-02,0.29,0.71,27.86,-28.27
United States,2020-02-03,0.29,0.74,18.05,-18.51
United States,2020-02-04,0.29,0.78,8.32,-8.82
United States,2020-02-05,0.29,0.82,-1.32,0.79
United States,2020-02-06,0.29,0.86,-10.84,10.27
United States,2020-02-07,0.29,0.9,-20.08,19.48
United States,2020-02-08,0.29,0.93,-28.31,27.66
United States,2020-02-09,1.57,0.91,27.86,-27.19
United States,2020-02-10,1.57,0.92,18.05,-17.41
United States,2020-02-11,1.57,0.94,8.32,-7.7
United States,2020-02-12,1.57,0.96,-1.32,1.93
United States,2020-02-13,1.57,0.98,-10.84,11.43
United States,2020-02-14,1.57,1.0,-20.08,20.65
United States,2020-02-15,1.57,1.02,-28.31,28.86
United States,2020-02-16,0.57,1.15,27.86,-28.44
United States,2020-02-17,0.57,1.2,18.05,-18.68
United States,2020-02-18,0.57,1.25,8.32,-9.0
United States,2020-02-19,0.57,1.3,-1.32,0.59
United States,2020-02-20,0.57,1.34,-10.84,10.07
United States,2020-02-21,0.57,1.39,-20.08,19.26
United States,2020-02-22,0.57,1.44,-28.31,27.44
United States,2020-02-23,2.29,1.65,27.86,-27.21
United States,2020-02-24,2.29,1.92,18.05,-17.69
United States,2020-02-25,2.29,2.2,8.32,-8.23
United States,2020-02-26,2.29,2.48,-1.32,1.13
United States,2020-02-27,2.29,2.75,-10.84,10.38
United States,2020-02-28,2.29,3.03,-20.08,19.34
United States,2020-02-29,2.29,3.3,-28.31,27.29
United States,2020-03-01,4.71,6.99,27.86,-30.14
United States,2020-03-02,4.71,10.56,18.05,-23.91
United States,2020-03-03,4.71,14.13,8.32,-17.75
United States,2020-03-04,4.71,17.7,-1.32,-11.68
United States,2020-03-05,4.71,21.28,-10.84,-5.72
United States,2020-03-06,4.71,24.85,-20.08,-0.05
United States,2020-03-07,4.71,28.42,-28.31,4.6
United States,2020-03-08,55.86,61.27,27.86,-33.26
United States,2020-03-09,55.86,93.95,18.05,-56.15
United States,2020-03-10,55.86,126.64,8.32,-79.1
United States,2020-03-11,55.86,159.32,-1.32,-102.14
United States,2020-03-12,55.86,192.01,-10.84,-125.31
United States,2020-03-13,55.86,224.7,-20.08,-148.75
United States,2020-03-14,55.86,257.38,-28.31,-173.22
United States,2020-03-15,495.0,518.84,27.86,-51.7
United States,2020-03-16,495.0,776.89,18.05,-299.94
United States,2020-03-17,495.0,1034.93,8.32,-548.26
United States,2020-03-18,495.0,1292.98,-1.32,-796.66
United States,2020-03-19,495.0,1551.03,-10.84,-1045.19
United States,2020-03-20,495.0,1809.08,-20.08,-1293.99
United States,2020-03-21,495.0,2067.12,-28.31,-1543.82
United States,2020-03-22,3926.57,2967.15,27.86,931.56
United States,2020-03-23,3926.57,3837.9,18.05,70.61
United States,2020-03-24,3926.57,4708.66,8.32,-790.41
United States,2020-03-25,3926.57,5579.41,-1.32,-1651.52
United States,2020-03-26,3926.57,6450.16,-10.84,-2512.75
United States,2020-03-27,3926.57,7320.92,-20.08,-3374.26
United States,2020-03-28,3926.57,8191.67,-28.31,-4236.79
United States,2020-03-29,13556.29,9836.3,27.86,3692.14
United States,2020-03-30,13556.29,11252.15,18.05,2286.08
United States,2020-03-31,13556.29,12668.01,8.32,879.96
United States,2020-04-01,13556.29,14083.87,-1.32,-526.26
United States,2020-04-02,13556.29,15499.73,-10.84,-1932.59
United States,2020-04-03,13556.29,16915.58,-20.08,-3339.21
United States,2020-04-04,13556.29,18331.44,-28.31,-4746.85
United States,2020-04-05,25164.43,20157.02,27.86,4979.55
United States,2020-04-06,25164.43,21340.62,18.05,3805.75
United States,2020-04-07,25164.43,22524.22,8.32,2631.89
United States,2020-04-08,25164.43,23707.82,-1.32,1457.93
United States,2020-04-09,25164.43,24891.42,-10.84,283.85
United States,2020-04-10,25164.43,26075.02,-20.08,-890.51
United States,2020-04-11,25164.43,27258.62,-28.31,-2065.89
United States,2020-04-12,31310.29,28222.96,27.86,3059.47
United States,2020-04-13,31310.29,28413.43,18.05,2878.8
United States,2020-04-14,31310.29,28603.9,8.32,2698.07
United States,2020-04-15,31310.29,28794.36,-1.32,2517.24
United States,2020-04-16,31310.29,28984.83,-10.84,2336.3
United States,2020-04-17,31310.29,29175.3,-20.08,2155.07
United States,2020-04-18,31310.29,29365.76,-28.31,1972.83
United States,2020-04-19,28021.43,29642.09,27.86,-1648.51
United States,2020-04-20,28021.43,29508.69,18.05,-1505.31
United States,2020-04-21,28021.43,29375.29,8.32,-1362.18
United States,2020-04-22,28021.43,29241.89,-1.32,-1219.14
United States,2020-04-23,28021.43,29108.49,-10.84,-1076.22
United States,2020-04-24,28021.43,28975.09,-20.08,-933.58
United States,2020-04-25,28021.43,28841.69,-28.31,-791.95
United States,2020-04-26,29309.29,28644.2,27.86,637.23
United States,2020-04-27,29309.29,28665.97,18.05,625.26
United States,2020-04-28,29309.29,28687.75,8.32,613.22
United States,2020-04-29,29309.29,28709.52,-1.32,601.09
United States,2020-04-30,29309.29,28731.29,-10.84,588.84
United States,2020-05-01,29309.29,28753.06,-20.08,576.31
United States,2020-05-02,29309.29,28774.83,-28.31,562.76
United States,2020-05-03,28348.0,28642.41,27.86,-322.27
United States,2020-05-04,28348.0,28424.13,18.05,-94.19
United States,2020-05-05,28348.0,28205.86,8.32,133.82
United States,2020-05-06,28348.0,27987.58,-1.32,361.74
United States,2020-05-07,28348.0,27769.3,-10.84,589.54
United States,2020-05-08,28348.0,27551.03,-20.08,817.05
United States,2020-05-09,28348.0,27332.75,-28.31,1043.55
United States,2020-05-10,26035.14,26988.63,27.86,-981.34
United States,2020-05-11,26035.14,26708.59,18.05,-691.5
United States,2020-05-12,26035.14,26428.55,8.32,-401.73
United States,2020-05-13,26035.14,26148.51,-1.32,-112.05
United States,2020-05-14,26035.14,25868.48,-10.84,177.51
United States,2020-05-15,26035.14,25588.44,-20.08,466.79
United States,2020-05-16,26035.14,25308.4,-28.31,755.05
United States,2020-05-17,24147.43,25002.58,27.86,-883.01
United States,2020-05-18,24147.43,24850.95,18.05,-721.58
United States,2020-05-19,24147.43,24699.32,8.32,-560.22
United States,2020-05-20,24147.43,24547.69,-1.32,-398.94
United States,2020-05-21,24147.43,24396.07,-10.84,-237.79
United States,2020-05-22,24147.43,24244.44,-20.08,-76.92
United States,2020-05-23,24147.43,24092.81,-28.31,82.93
United States,2020-05-24,23760.71,23751.76,27.86,-18.91
United States,2020-05-25,23760.71,23536.56,18.05,206.09
United States,2020-05-26,23760.71,23321.36,8.32,431.03
United States,2020-05-27,23760.71,23106.16,-1.32,655.87
United States,2020-05-28,23760.71,22890.96,-10.84,880.59
United States,2020-05-29,23760.71,22675.76,-20.08,1105.03
United States,2020-05-30,23760.71,22460.56,-28.31,1328.45
United States,2020-05-31,20919.43,22277.21,27.86,-1385.63
United States,2020-06-01,20919.43,22119.64,18.05,-1218.26
United States,2020-06-02,20919.43,21962.07,8.32,-1050.96
United States,2020-06-03,20919.43,21804.49,-1.32,-883.74
United States,2020-06-04,20919.43,21646.92,-10.84,-716.65
United States,2020-06-05,20919.43,21489.35,-20.08,-549.84
United States,2020-06-06,20919.43,21331.78,-28.31,-384.04
United States,2020-06-07,21397.14,21194.17,27.86,175.11
United States,2020-06-08,21397.14,21245.98,18.05,133.11
United States,2020-06-09,21397.14,21297.79,8.32,91.03
United States,2020-06-10,21397.14,21349.6,-1.32,48.86
United States,2020-06-11,21397.14,21401.41,-10.84,6.57
United States,2020-06-12,21397.14,21453.22,-20.08,-35.99
United States,2020-06-13,21397.14,21505.03,-28.31,-79.58
United States,2020-06-14,21696.57,21824.88,27.86,-156.17
United States,2020-06-15,21696.57,22112.89,18.05,-434.38
United States,2020-06-16,21696.57,22400.9,8.32,-712.66
United States,2020-06-17,21696.57,22688.91,-1.32,-991.02
United States,2020-06-18,21696.57,22976.92,-10.84,-1269.51
United States,2020-06-19,21696.57,23264.93,-20.08,-1548.28
United States,2020-06-20,21696.57,23552.94,-28.31,-1828.07
United States,2020-06-21,25717.29,24586.26,27.86,1103.18
United States,2020-06-22,25717.29,25599.61,18.05,99.62
United States,2020-06-23,25717.29,26612.96,8.32,-904.0
United States,2020-06-24,25717.29,27626.32,-1.32,-1907.71
United States,2020-06-25,25717.29,28639.67,-10.84,-2911.54
United States,2020-06-26,25717.29,29653.02,-20.08,-3915.65
United States,2020-06-27,25717.29,30666.37,-28.31,-4920.78
United States,2020-06-28,36896.86,32478.66,27.86,4390.34
United States,2020-06-29,36896.86,34022.9,18.05,2855.91
United States,2020-06-30,36896.86,35567.14,8.32,1321.4
United States,2020-07-01,36896.86,37111.37,-1.32,-213.2
United States,2020-07-02,36896.86,38655.61,-10.84,-1747.91
United States,2020-07-03,36896.86,40199.85,-20.08,-3282.91
United States,2020-07-04,36896.86,41744.09,-28.31,-4818.92
United States,2020-07-05,48880.86,43764.89,27.86,5088.12
United States,2020-07-06,48880.86,45040.38,18.05,3822.42
United States,2020-07-07,48880.86,46315.88,8.32,2556.66
United States,2020-07-08,48880.86,47591.37,-1.32,1290.8
United States,2020-07-09,48880.86,48866.87,-10.84,24.83
United States,2020-07-10,48880.86,50142.37,-20.08,-1241.42
United States,2020-07-11,48880.86,51417.86,-28.31,-2508.7
United States,2020-07-12,56029.29,53398.71,27.86,2602.73
United States,2020-07-13,56029.29,54580.62,18.05,1430.61
United States,2020-07-14,56029.29,55762.54,8.32,258.43
United States,2020-07-15,56029.29,56944.45,-1.32,-913.84
United States,2020-07-16,56029.29,58126.36,-10.84,-2086.23
United States,2020-07-17,56029.29,59308.28,-20.08,-3258.91
United States,2020-07-18,56029.29,60490.19,-28.31,-4432.6
United States,2020-07-19,66609.57,61687.67,27.86,4894.05
United States,2020-07-20,66609.57,62408.58,18.05,4182.93
United States,2020-07-21,66609.57,63129.5,8.32,3471.75
United States,2020-07-22,66609.57,63850.41,-1.32,2760.48
United States,2020-07-23,66609.57,64571.32,-10.84,2049.09
United States,2020-07-24,66609.57,65292.24,-20.08,1337.41
United States,2020-07-25,66609.57,66013.15,-28.31,624.72
United States,2020-07-26,66843.0,66385.01,27.86,430.14
United States,2020-07-27,66843.0,66051.51,18.05,773.43
United States,2020-07-28,66843.0,65718.02,8.32,1116.66
United States,2020-07-29,66843.0,65384.52,-1.32,1459.8
United States,2020-07-30,66843.0,65051.03,-10.84,1802.81
United States,2020-07-31,66843.0,64717.53,-20.08,2145.55
United States,2020-08-01,66843.0,64384.04,-28.31,2487.27
United States,2020-08-02,61607.14,63523.48,27.86,-1944.2
United States,2020-08-03,61607.14,62647.37,18.05,-1058.29
United States,2020-08-04,61607.14,61771.26,8.32,-172.44
United States,2020-08-05,61607.14,60895.14,-1.32,713.32
United States,2020-08-06,61607.14,60019.03,-10.84,1598.95
United States,2020-08-07,61607.14,59142.91,-20.08,2484.31
United States,2020-08-08,61607.14,58266.8,-28.31,3368.64
United States,2020-08-09,53701.29,57264.52,27.86,-3591.09
United States,2020-08-10,53701.29,56611.31,18.05,-2928.07
United States,2020-08-11,53701.29,55958.09,8.32,-2265.12
United States,2020-08-12,53701.29,55304.87,-1.32,-1602.26
United States,2020-08-13,53701.29,54651.65,-10.84,-939.52
United States,2020-08-14,53701.29,53998.43,-20.08,-277.06
United States,2020-08-15,53701.29,53345.21,-28.31,384.38
United States,2020-08-16,51808.86,52245.57,27.86,-464.57
United States,2020-08-17,51808.86,51672.99,18.05,117.81
United States,2020-08-18,51808.86,51100.41,8.32,700.13
United States,2020-08-19,51808.86,50527.83,-1.32,1282.35
United States,2020-08-20,51808.86,49955.25,-10.84,1864.45
United States,2020-08-21,51808.86,49382.67,-20.08,2446.27
United States,2020-08-22,51808.86,48810.09,-28.31,3027.08
United States,2020-08-23,45112.57,48039.01,27.86,-2954.3
United States,2020-08-24,45112.57,47394.1,18.05,-2299.58
United States,2020-08-25,45112.57,46749.18,8.32,-1644.93
United States,2020-08-26,45112.57,46104.27,-1.32,-990.38
United States,2020-08-27,45112.57,45459.35,-10.84,-335.94
United States,2020-08-28,45112.57,44814.44,-20.08,318.22
United States,2020-08-29,45112.57,44169.52,-28.31,971.35
United States,2020-08-30,42135.14,43527.53,27.86,-1420.25
United States,2020-08-31,42135.14,43331.96,18.05,-1214.87
United States,2020-09-01,42135.14,43136.39,8.32,-1009.57
United States,2020-09-02,42135.14,42940.82,-1.32,-804.36
United States,2020-09-03,42135.14,42745.25,-10.84,-599.26
United States,2020-09-04,42135.14,42549.67,-20.08,-394.45
United States,2020-09-05,42135.14,42354.1,-28.31,-190.66
United States,2020-09-06,42179.0,41685.85,27.86,465.3
United States,2020-09-07,42179.0,41216.08,18.05,944.86
United States,2020-09-08,42179.0,40746.32,8.32,1424.36
United States,2020-09-09,42179.0,40276.56,-1.32,1903.76
United States,2020-09-10,42179.0,39806.8,-10.84,2383.04
United States,2020-09-11,42179.0,39337.04,-20.08,2862.05
United States,2020-09-12,42179.0,38867.27,-28.31,3340.03
United States,2020-09-13,35088.71,38734.24,27.86,-3673.38
United States,2020-09-14,35088.71,38598.27,18.05,-3527.62
United States,2020-09-15,35088.71,38462.31,8.32,-3381.92
United States,2020-09-16,35088.71,38326.35,-1.32,-3236.32
United States,2020-09-17,35088.71,38190.39,-10.84,-3090.84
United States,2020-09-18,35088.71,38054.43,-20.08,-2945.63
United States,2020-09-19,35088.71,37918.46,-28.31,-2801.45
United States,2020-09-20,40139.57,38009.14,27.86,2102.57
United States,2020-09-21,40139.57,38572.5,18.05,1549.01
United States,2020-09-22,40139.57,39135.86,8.32,995.38
United States,2020-09-23,40139.57,39699.23,-1.32,441.66
United States,2020-09-24,40139.57,40262.59,-10.84,-112.18
United States,2020-09-25,40139.57,40825.95,-20.08,-666.3
United States,2020-09-26,40139.57,41389.31,-28.31,-1221.44
United States,2020-09-27,43539.14,41891.47,27.86,1619.81
United States,2020-09-28,43539.14,42056.91,18.05,1464.17
United States,2020-09-29,43539.14,42222.35,8.32,1308.47
United States,2020-09-30,43539.14,42387.79,-1.32,1152.67
United States,2020-10-01,43539.14,42553.23,-10.84,996.76
United States,2020-10-02,43539.14,42718.66,-20.08,840.56
United States,2020-10-03,43539.14,42884.1,-28.31,683.34
United States,2020-10-04,42621.14,43391.45,27.86,-798.17
United States,2020-10-05,42621.14,43672.17,18.05,-1069.08
United States,2020-10-06,42621.14,43952.88,8.32,-1340.07
United States,2020-10-07,42621.14,44233.6,-1.32,-1611.14
United States,2020-10-08,42621.14,44514.31,-10.84,-1882.33
United States,2020-10-09,42621.14,44795.03,-20.08,-2153.81
United States,2020-10-10,42621.14,45075.74,-28.31,-2426.3
United States,2020-10-11,47749.86,45864.89,27.86,1857.12
United States,2020-10-12,47749.86,46715.23,18.05,1016.58
United States,2020-10-13,47749.86,47565.57,8.32,175.96
United States,2020-10-14,47749.86,48415.92,-1.32,-664.74
United States,2020-10-15,47749.86,49266.26,-10.84,-1505.56
United States,2020-10-16,47749.86,50116.6,-20.08,-2346.66
United States,2020-10-17,47749.86,50966.95,-28.31,-3188.78
United States,2020-10-18,55376.29,52405.9,27.86,2942.54
United States,2020-10-19,55376.29,53502.94,18.05,1855.3
United States,2020-10-20,55376.29,54599.97,8.32,767.99
United States,2020-10-21,55376.29,55697.01,-1.32,-319.4
United States,2020-10-22,55376.29,56794.05,-10.84,-1406.92
United States,2020-10-23,55376.29,57891.09,-20.08,-2494.72
United States,2020-10-24,55376.29,58988.13,-28.31,-3583.53
United States,2020-10-25,64205.43,61132.36,27.86,3045.21
United States,2020-10-26,64205.43,62768.17,18.05,1419.2
United States,2020-10-27,64205.43,64403.98,8.32,-206.88
United States,2020-10-28,64205.43,66039.79,-1.32,-1833.04
United States,2020-10-29,64205.43,67675.6,-10.84,-3459.33
United States,2020-10-30,64205.43,69311.41,-20.08,-5085.9
United States,2020-10-31,64205.43,70947.22,-28.31,-6713.49
United States,2020-11-01,79913.43,74780.17,27.86,5105.4
United States,2020-11-02,79913.43,78024.52,18.05,1870.86
United States,2020-11-03,79913.43,81268.86,8.32,-1363.75
United States,2020-11-04,79913.43,84513.2,-1.32,-4598.45
United States,2020-11-05,79913.43,87757.54,-10.84,-7833.27
United States,2020-11-06,79913.43,91001.89,-20.08,-11068.37
United States,2020-11-07,79913.43,94246.23,-28.31,-14304.49
United States,2020-11-08,112870.57,99535.82,27.86,13306.89
United States,2020-11-09,112870.57,103778.21,18.05,9074.31
United States,2020-11-10,112870.57,108020.6,8.32,4841.65
United States,2020-11-11,112870.57,112262.99,-1.32,608.9
United States,2020-11-12,112870.57,116505.38,-10.84,-3623.97
United States,2020-11-13,112870.57,120747.77,-20.08,-7857.12
United States,2020-11-14,112870.57,124990.16,-28.31,-12091.29
United States,2020-11-15,143549.29,130857.68,27.86,12663.76
United States,2020-11-16,143549.29,134528.05,18.05,9003.19
United States,2020-11-17,143549.29,138198.42,8.32,5342.55
United States,2020-11-18,143549.29,141868.79,-1.32,1681.82
United States,2020-11-19,143549.29,145539.16,-10.84,-1979.03
United States,2020-11-20,143549.29,149209.53,-20.08,-5640.16
United States,2020-11-21,143549.29,152879.91,-28.31,-9302.31
United States,2020-11-22,167926.14,156425.69,27.86,11472.6
United States,2020-11-23,167926.14,157926.22,18.05,9981.87
United States,2020-11-24,167926.14,159426.75,8.32,8491.06
United States,2020-11-25,167926.14,160927.29,-1.32,7000.17
United States,2020-11-26,167926.14,162427.82,-10.84,5509.16
United States,2020-11-27,167926.14,163928.35,-20.08,4017.87
United States,2020-11-28,167926.14,165428.89,-28.31,2525.56
United States,2020-11-29,166057.29,168058.29,27.86,-2028.85
United States,2020-11-30,166057.29,169062.56,18.05,-3023.33
United States,2020-12-01,166057.29,170066.84,8.32,-4017.87
United States,2020-12-02,166057.29,171071.12,-1.32,-5012.51
United States,2020-12-03,166057.29,172075.39,-10.84,-6007.26
United States,2020-12-04,166057.29,173079.67,-20.08,-7002.3
United States,2020-12-05,166057.29,174083.95,-28.31,-7998.35
United States,2020-12-06,182990.29,176874.41,27.86,6088.02
United States,2020-12-07,182990.29,179789.47,18.05,3182.77
United States,2020-12-08,182990.29,182704.53,8.32,277.44
United States,2020-12-09,182990.29,185619.58,-1.32,-2627.97
United States,2020-12-10,182990.29,188534.64,-10.84,-5533.51
United States,2020-12-11,182990.29,191449.7,-20.08,-8439.32
United States,2020-12-12,182990.29,194364.75,-28.31,-11346.16
United States,2020-12-13,209783.14,197750.72,27.86,12004.56
United States,2020-12-14,209783.14,200007.83,18.05,9757.26
United States,2020-12-15,209783.14,202264.93,8.32,7509.88
United States,2020-12-16,209783.14,204522.04,-1.32,5262.42
United States,2020-12-17,209783.14,206779.14,-10.84,3014.84
United States,2020-12-18,209783.14,209036.25,-20.08,766.97
United States,2020-12-19,209783.14,211293.35,-28.31,-1481.91
United States,2020-12-20,216846.86,212047.54,27.86,4771.46
United States,2020-12-21,216846.86,211015.54,18.05,5813.26
United States,2020-12-22,216846.86,209983.54,8.32,6854.99
United States,2020-12-23,216846.86,208951.54,-1.32,7896.64
United States,2020-12-24,216846.86,207919.54,-10.84,8938.16
United States,2020-12-25,216846.86,206887.54,-20.08,9979.4
United States,2020-12-26,216846.86,205855.54,-28.31,11019.62
United States,2020-12-27,194303.14,205022.33,27.86,-10747.05
United States,2020-12-28,194303.14,203718.21,18.05,-9433.12
United States,2020-12-29,194303.14,202414.09,8.32,-8119.27
United States,2020-12-30,194303.14,201109.96,-1.32,-6805.5
United States,2020-12-31,194303.14,199805.84,-10.84,-5491.86
United States,2021-01-01,194303.14,198501.71,-20.08,-4178.49
United States,2021-01-02,194303.14,197197.59,-28.31,-2866.14
United States,2021-01-03,197285.0,198618.76,27.86,-1361.62
United States,2021-01-04,197285.0,201542.85,18.05,-4275.9
United States,2021-01-05,197285.0,204466.93,8.32,-7190.26
United States,2021-01-06,197285.0,207391.02,-1.32,-10104.7
United States,2021-01-07,197285.0,210315.1,-10.84,-13019.26
United States,2021-01-08,197285.0,213239.19,-20.08,-15934.11
United States,2021-01-09,197285.0,216163.28,-28.31,-18849.97
United States,2021-01-10,238164.43,218352.16,27.86,19784.41
United States,2021-01-11,238164.43,220342.26,18.05,17804.12
United States,2021-01-12,238164.43,222332.35,8.32,15823.75
United States,2021-01-13,238164.43,224322.45,-1.32,13843.3
United States,2021-01-14,238164.43,226312.54,-10.84,11862.73
United States,2021-01-15,238164.43,228302.64,-20.08,9881.87
United States,2021-01-16,238164.43,230292.73,-28.31,7900.0
United States,2021-01-17,227136.43,229196.22,27.86,-2087.65
United States,2021-01-18,227136.43,225374.41,18.05,1743.96
United States,2021-01-19,227136.43,221552.6,8.32,5575.51
United States,2021-01-20,227136.43,217730.79,-1.32,9406.96
United States,2021-01-21,227136.43,213908.98,-10.84,13238.29
United States,2021-01-22,227136.43,210087.17,-20.08,17069.34
United States,2021-01-23,227136.43,206265.36,-28.31,20899.37
United States,2021-01-24,180837.29,200565.12,27.86,-19755.68
United States,2021-01-25,180837.29,195600.07,18.05,-14780.83
United States,2021-01-26,180837.29,190635.02,8.32,-9806.05
United States,2021-01-27,180837.29,185669.97,-1.32,-4831.36
United States,2021-01-28,180837.29,180704.92,-10.84,143.21
United States,2021-01-29,180837.29,175739.88,-20.08,5117.5
United States,2021-01-30,180837.29,170774.83,-28.31,10090.77
United States,2021-01-31,152660.71,163796.69,27.86,-11163.83
United States,2021-02-01,152660.71,159905.15,18.05,-7262.5
United States,2021-02-02,152660.71,156013.62,8.32,-3361.23
United States,2021-02-03,152660.71,152122.09,-1.32,539.94
United States,2021-02-04,152660.71,148230.55,-10.84,4441.0
United States,2021-02-05,152660.71,144339.02,-20.08,8341.77
United States,2021-02-06,152660.71,140447.49,-28.31,12241.53
United States,2021-02-07,122464.29,134778.07,27.86,-12341.63
United States,2021-02-08,122464.29,130987.09,18.05,-8540.85
United States,2021-02-09,122464.29,127196.11,8.32,-4740.14
United States,2021-02-10,122464.29,123405.12,-1.32,-939.52
United States,2021-02-11,122464.29,119614.14,-10.84,2860.99
United States,2021-02-12,122464.29,115823.16,-20.08,6661.21
United States,2021-02-13,122464.29,112032.18,-28.31,10460.41
United States,2021-02-14,95796.0,106364.18,27.86,-10596.04
United States,2021-02-15,95796.0,102709.28,18.05,-6931.33
United States,2021-02-16,95796.0,99054.37,8.32,-3266.69
United States,2021-02-17,95796.0,95399.47,-1.32,397.85
United States,2021-02-18,95796.0,91744.56,-10.84,4062.28
United States,2021-02-19,95796.0,88089.66,-20.08,7726.43
United States,2021-02-20,95796.0,84434.75,-28.31,11389.55
United States,2021-02-21,67640.71,80706.19,27.86,-13093.33
United States,2021-02-22,67640.71,78755.51,18.05,-11132.86
United States,2021-02-23,67640.71,76804.84,8.32,-9172.45
United States,2021-02-24,67640.71,74854.16,-1.32,-7212.13
United States,2021-02-25,67640.71,72903.48,-10.84,-5251.93
United States,2021-02-26,67640.71,70952.81,-20.08,-3292.02
United States,2021-02-27,67640.71,69002.13,-28.31,-1333.12
United States,2021-02-28,66535.86,66622.77,27.86,-114.77
United States,2021-03-01,66535.86,66120.43,18.05,397.38
United States,2021-03-02,66535.86,65618.09,8.32,909.45
United States,2021-03-03,66535.86,65115.74,-1.32,1421.44
United States,2021-03-04,66535.86,64613.4,-10.84,1933.3
United States,2021-03-05,66535.86,64111.06,-20.08,2444.89
United States,2021-03-06,66535.86,63608.71,-28.31,2955.45
United States,2021-03-07,60105.57,62756.48,27.86,-2678.76
United States,2021-03-08,60105.57,61977.9,18.05,-1890.38
United States,2021-03-09,60105.57,61199.31,8.32,-1102.07
United States,2021-03-10,60105.57,60420.73,-1.32,-313.84
United States,2021-03-11,60105.57,59642.15,-10.84,474.26
United States,2021-03-12,60105.57,58863.57,-20.08,1262.08
United States,2021-03-13,60105.57,58084.99,-28.31,2048.89
United States,2021-03-14,54857.14,57264.04,27.86,-2434.75
United States,2021-03-15,54857.14,56871.77,18.05,-2032.68
United States,2021-03-16,54857.14,56479.5,8.32,-1630.69
United States,2021-03-17,54857.14,56087.24,-1.32,-1228.78
United States,2021-03-18,54857.14,55694.97,-10.84,-826.99
United States,2021-03-19,54857.14,55302.7,-20.08,-425.48
United States,2021-03-20,54857.14,54910.44,-28.31,-24.99
United States,2021-03-21,54221.57,54882.62,27.86,-688.9
United States,2021-03-22,54221.57,55204.69,18.05,-1001.18
United States,2021-03-23,54221.57,55526.77,8.32,-1313.52
United States,2021-03-24,54221.57,55848.85,-1.32,-1625.96
United States,2021-03-25,54221.57,56170.92,-10.84,-1938.51
United States,2021-03-26,54221.57,56493.0,-20.08,-2251.35
United States,2021-03-27,54221.57,56815.08,-28.31,-2565.2
United States,2021-03-28,59688.29,57443.27,27.86,2217.17
United States,2021-03-29,59688.29,58113.83,18.05,1556.41
United States,2021-03-30,59688.29,58784.39,8.32,895.58
United States,2021-03-31,59688.29,59454.95,-1.32,234.66
United States,2021-04-01,59688.29,60125.52,-10.84,-426.38
United States,2021-04-02,59688.29,60796.08,-20.08,-1087.71
United States,2021-04-03,59688.29,61466.64,-28.31,-1750.04
United States,2021-04-04,64280.0,62194.25,27.86,2057.89
United States,2021-04-05,64280.0,62557.41,18.05,1704.53
United States,2021-04-06,64280.0,62920.57,8.32,1351.11
United States,2021-04-07,64280.0,63283.73,-1.32,997.59
United States,2021-04-08,64280.0,63646.89,-10.84,643.95
United States,2021-04-09,64280.0,64010.06,-20.08,290.03
United States,2021-04-10,64280.0,64373.22,-28.31,-64.91
United States,2021-04-11,65135.71,64843.68,27.86,264.17
United States,2021-04-12,65135.71,65008.04,18.05,109.62
United States,2021-04-13,65135.71,65172.39,8.32,-45.0
United States,2021-04-14,65135.71,65336.74,-1.32,-199.71
United States,2021-04-15,65135.71,65501.09,-10.84,-354.54
United States,2021-04-16,65135.71,65665.45,-20.08,-509.65
United States,2021-04-17,65135.71,65829.8,-28.31,-665.78
United States,2021-04-18,66745.29,65412.04,27.86,1305.4
United States,2021-04-19,66745.29,64937.23,18.05,1790.01
United States,2021-04-20,66745.29,64462.42,8.32,2274.55
United States,2021-04-21,66745.29,63987.61,-1.32,2759.0
United States,2021-04-22,66745.29,63512.8,-10.84,3243.33
United States,2021-04-23,66745.29,63037.99,-20.08,3727.38
United States,2021-04-24,66745.29,62563.18,-28.31,4210.41
United States,2021-04-25,58013.57,61443.73,27.86,-3458.01
United States,2021-04-26,58013.57,60216.96,18.05,-2221.45
United States,2021-04-27,58013.57,58990.2,8.32,-984.95
United States,2021-04-28,58013.57,57763.44,-1.32,251.45
United States,2021-04-29,58013.57,56536.68,-10.84,1487.73
United States,2021-04-30,58013.57,55309.92,-20.08,2723.74
United States,2021-05-01,58013.57,54083.15,-28.31,3958.72
United States,2021-05-02,48343.86,52417.51,27.86,-4101.5
United States,2021-05-03,48343.86,51333.97,18.05,-3008.17
United States,2021-05-04,48343.86,50250.44,8.32,-1914.9
United States,2021-05-05,48343.86,49166.91,-1.32,-821.73
United States,2021-05-06,48343.86,48083.37,-10.84,271.33
United States,2021-05-07,48343.86,46999.84,-20.08,1364.1
United States,2021-05-08,48343.86,45916.31,-28.31,2455.86
United States,2021-05-09,41760.57,44271.11,27.86,-2538.4
United States,2021-05-10,41760.57,43270.57,18.05,-1528.06
United States,2021-05-11,41760.57,42270.03,8.32,-517.78
United States,2021-05-12,41760.57,41269.48,-1.32,492.4
United States,2021-05-13,41760.57,40268.94,-10.84,1502.47
United States,2021-05-14,41760.57,39268.4,-20.08,2512.25
United States,2021-05-15,41760.57,38267.85,-28.31,3521.02
United States,2021-05-16,33335.71,36774.54,27.86,-3466.69
United States,2021-05-17,33335.71,35720.11,18.05,-2402.46
United States,2021-05-18,33335.71,34665.68,8.32,-1338.3
United States,2021-05-19,33335.71,33611.25,-1.32,-274.22
United States,2021-05-20,33335.71,32556.83,-10.84,789.73
United States,2021-05-21,33335.71,31502.4,-20.08,1853.4
United States,2021-05-22,33335.71,30447.97,-28.31,2916.05
United States,2021-05-23,25944.14,29071.65,27.86,-3155.37
United States,2021-05-24,25944.14,28257.0,18.05,-2330.91
United States,2021-05-25,25944.14,27442.34,8.32,-1506.52
United States,2021-05-26,25944.14,26627.68,-1.32,-682.22
United States,2021-05-27,25944.14,25813.03,-10.84,141.95
United States,2021-05-28,25944.14,24998.37,-20.08,965.85
United States,2021-05-29,25944.14,24183.71,-28.31,1788.73
United States,2021-05-30,21115.86,22905.26,27.86,-1817.25
United States,2021-05-31,21115.86,22119.57,18.05,-1021.77
United States,2021-06-01,21115.86,21333.89,8.32,-226.35
United States,2021-06-02,21115.86,20548.2,-1.32,568.98
United States,2021-06-03,21115.86,19762.52,-10.84,1364.19
United States,2021-06-04,21115.86,18976.83,-20.08,2159.11
United States,2021-06-05,21115.86,18191.15,-28.31,2953.02
United States,2021-06-06,14158.86,17409.77,27.86,-3278.77
United States,2021-06-07,14158.86,16950.29,18.05,-2809.48
United States,2021-06-08,14158.86,16490.8,8.32,-2340.26
United States,2021-06-09,14158.86,16031.32,-1.32,-1871.14
United States,2021-06-10,14158.86,15571.83,-10.84,-1402.13
United States,2021-06-11,14158.86,15112.34,-20.08,-933.4
United States,2021-06-12,14158.86,14652.86,-28.31,-465.69
United States,2021-06-13,14223.57,14013.01,27.86,182.7
United States,2021-06-14,14223.57,13836.96,18.05,368.55
United States,2021-06-15,14223.57,13660.91,8.32,554.33
United States,2021-06-16,14223.57,13484.87,-1.32,740.02
United States,2021-06-17,14223.57,13308.82,-10.84,925.59
United States,2021-06-18,14223.57,13132.77,-20.08,1110.88
United States,2021-06-19,14223.57,12956.72,-28.31,1295.15
United States,2021-06-20,11518.14,12847.44,27.86,-1357.15
United States,2021-06-21,11518.14,12733.84,18.05,-1233.75
United States,2021-06-22,11518.14,12620.24,8.32,-1110.42
United States,2021-06-23,11518.14,12506.64,-1.32,-987.18
United States,2021-06-24,11518.14,12393.04,-10.84,-864.05
United States,2021-06-25,11518.14,12279.44,-20.08,-741.21
United States,2021-06-26,11518.14,12165.84,-28.31,-619.39
United States,2021-06-27,12519.57,12141.76,27.86,349.95
United States,2021-06-28,12519.57,12298.05,18.05,203.47
United States,2021-06-29,12519.57,12454.33,8.32,56.92
United States,2021-06-30,12519.57,12610.62,-1.32,-89.73
United States,2021-07-01,12519.57,12766.9,-10.84,-236.49
United States,2021-07-02,12519.57,12923.19,-20.08,-383.54
United States,2021-07-03,12519.57,13079.48,-28.31,-531.6
United States,2021-07-04,13862.43,15040.27,27.86,-1205.69
United States,2021-07-05,13862.43,16934.3,18.05,-3089.92
United States,2021-07-06,13862.43,18828.32,8.32,-4974.22
United States,2021-07-07,13862.43,20722.35,-1.32,-6858.6
United States,2021-07-08,13862.43,22616.38,-10.84,-8743.11
United States,2021-07-09,13862.43,24510.41,-20.08,-10627.9
United States,2021-07-10,13862.43,26404.44,-28.31,-12513.7
United States,2021-07-11,40930.0,27689.6,27.86,13212.54
United States,2021-07-12,40930.0,28885.24,18.05,12026.71
United States,2021-07-13,40930.0,30080.88,8.32,10840.8
United States,2021-07-14,40930.0,31276.51,-1.32,9654.8
United States,2021-07-15,40930.0,32472.15,-10.84,8468.69
United States,2021-07-16,40930.0,33667.79,-20.08,7282.29
United States,2021-07-17,40930.0,34863.43,-28.31,6094.88
United States,2021-07-18,31797.0,37358.57,27.86,-5589.43
United States,2021-07-19,31797.0,38049.21,18.05,-6270.26
United States,2021-07-20,31797.0,38739.85,8.32,-6951.17
United States,2021-07-21,31797.0,39430.49,-1.32,-7632.17
United States,2021-07-22,31797.0,40121.12,-10.84,-8313.28
United States,2021-07-23,31797.0,40811.76,-20.08,-8994.68
United States,2021-07-24,31797.0,41502.4,-28.31,-9677.09
United States,2021-07-25,51289.57,43984.08,27.86,7277.64
United States,2021-07-26,51289.57,47074.62,18.05,4196.9
United States,2021-07-27,51289.57,50165.16,8.32,1116.09
United States,2021-07-28,51289.57,53255.7,-1.32,-1964.81
United States,2021-07-29,51289.57,56346.25,-10.84,-5045.83
United States,2021-07-30,51289.57,59436.79,-20.08,-8127.14
United States,2021-07-31,51289.57,62527.33,-28.31,-11209.46
United States,2021-08-01,78155.14,67484.26,27.86,10643.03
United States,2021-08-02,78155.14,71141.67,18.05,6995.41
United States,2021-08-03,78155.14,74799.09,8.32,3347.72
United States,2021-08-04,78155.14,78456.51,-1.32,-300.05
United States,2021-08-05,78155.14,82113.93,-10.84,-3947.95
United States,2021-08-06,78155.14,85771.35,-20.08,-7596.13
United States,2021-08-07,78155.14,89428.77,-28.31,-11245.33
United States,2021-08-08,106150.86,94451.98,27.86,11671.02
United States,2021-08-09,106150.86,97684.15,18.05,8448.65
United States,2021-08-10,106150.86,100916.32,8.32,5226.21
United States,2021-08-11,106150.86,104148.49,-1.32,2003.68
United States,2021-08-12,106150.86,107380.67,-10.84,-1218.96
United States,2021-08-13,106150.86,110612.84,-20.08,-4441.89
United States,2021-08-14,106150.86,113845.01,-28.31,-7665.84
United States,2021-08-15,126637.71,118348.63,27.86,8261.23
United States,2021-08-16,126637.71,120985.87,18.05,5633.79
United States,2021-08-17,126637.71,123623.1,8.32,3006.28
United States,2021-08-18,126637.71,126260.34,-1.32,378.69
United States,2021-08-19,126637.71,128897.58,-10.84,-2249.03
United States,2021-08-20,126637.71,131534.82,-20.08,-4877.03
United States,2021-08-21,126637.71,134172.06,-28.31,-7506.04
United States,2021-08-22,145709.43,137522.86,27.86,8158.72
United States,2021-08-23,145709.43,139507.87,18.05,6183.51
United States,2021-08-24,145709.43,141492.88,8.32,4208.23
United States,2021-08-25,145709.43,143477.89,-1.32,2232.86
United States,2021-08-26,145709.43,145462.9,-10.84,257.38
United States,2021-08-27,145709.43,147447.91,-20.08,-1718.39
United States,2021-08-28,145709.43,149432.92,-28.31,-3695.18
United States,2021-08-29,156412.86,151888.03,27.86,4496.97
United States,2021-08-30,156412.86,153071.7,18.05,3323.11
United States,2021-08-31,156412.86,154255.36,8.32,2149.17
United States,2021-09-01,156412.86,155439.03,-1.32,975.15
United States,2021-09-02,156412.86,156622.7,-10.84,-199.0
United States,2021-09-03,156412.86,157806.36,-20.08,-1373.42
United States,2021-09-04,156412.86,158990.03,-28.31,-2548.87
United States,2021-09-05,163464.43,159014.83,27.86,4421.74
United States,2021-09-06,163464.43,158326.07,18.05,5120.31
United States,2021-09-07,163464.43,157637.31,8.32,5818.8
United States,2021-09-08,163464.43,156948.54,-1.32,6517.2
United States,2021-09-09,163464.43,156259.78,-10.84,7215.49
United States,2021-09-10,163464.43,155571.02,-20.08,7913.49
United States,2021-09-11,163464.43,154882.26,-28.31,8610.48
United States,2021-09-12,146081.43,154335.25,27.86,-8281.67
United States,2021-09-13,146081.43,153318.13,18.05,-7254.76
United States,2021-09-14,146081.43,152301.02,8.32,-6227.91
United States,2021-09-15,146081.43,151283.9,-1.32,-5201.16
United States,2021-09-16,146081.43,150266.79,-10.84,-4174.52
United States,2021-09-17,146081.43,149249.68,-20.08,-3148.16
United States,2021-09-18,146081.43,148232.56,-28.31,-2122.83
United States,2021-09-19,148207.71,145452.02,27.86,2727.84
United States,2021-09-20,148207.71,143830.34,18.05,4359.31
United States,2021-09-21,148207.71,142208.67,8.32,5990.72
United States,2021-09-22,148207.71,140586.99,-1.32,7622.04
United States,2021-09-23,148207.71,138965.31,-10.84,9253.24
United States,2021-09-24,148207.71,137343.64,-20.08,10884.15
United States,2021-09-25,148207.71,135721.96,-28.31,12514.05
United States,2021-09-26,121756.29,133180.23,27.86,-11451.79
United States,2021-09-27,121756.29,130496.74,18.05,-8758.51
United States,2021-09-28,121756.29,127813.26,8.32,-6065.29
United States,2021-09-29,121756.29,125129.77,-1.32,-3372.16
United States,2021-09-30,121756.29,122446.29,-10.84,-679.16
United States,2021-10-01,121756.29,119762.8,-20.08,2013.57
United States,2021-10-02,121756.29,117079.32,-28.31,4705.28
United States,2021-10-03,107955.43,113693.89,27.86,-5766.31
United States,2021-10-04,107955.43,112071.89,18.05,-4134.51
United States,2021-10-05,107955.43,110449.89,8.32,-2502.78
United States,2021-10-06,107955.43,108827.89,-1.32,-871.14
United States,2021-10-07,107955.43,107205.89,-10.84,760.38
United States,2021-10-08,107955.43,105583.89,-20.08,2391.62
United States,2021-10-09,107955.43,103961.89,-28.31,4021.85
United States,2021-10-10,97426.29,101389.92,27.86,-3991.48
United States,2021-10-11,97426.29,99738.0,18.05,-2329.77
United States,2021-10-12,97426.29,98086.09,8.32,-668.12
United States,2021-10-13,97426.29,96434.17,-1.32,993.44
United States,2021-10-14,97426.29,94782.26,-10.84,2654.87
United States,2021-10-15,97426.29,93130.34,-20.08,4316.03
United States,2021-10-16,97426.29,91478.43,-28.31,5976.17
United States,2021-10-17,83176.71,89124.67,27.86,-5975.81
United States,2021-10-18,83176.71,87472.85,18.05,-4314.19
United States,2021-10-19,83176.71,85821.03,8.32,-2652.64
United States,2021-10-20,83176.71,84169.21,-1.32,-991.18
United States,2021-10-21,83176.71,82517.39,-10.84,670.16
United States,2021-10-22,83176.71,80865.57,-20.08,2331.22
United States,2021-10-23,83176.71,79213.75,-28.31,3991.26
United States,2021-10-24,72649.0,77729.96,27.86,-5108.82
United States,2021-10-25,72649.0,77196.14,18.05,-4565.2
United States,2021-10-26,72649.0,76662.32,8.32,-4021.65
United States,2021-10-27,72649.0,76128.5,-1.32,-3478.18
United States,2021-10-28,72649.0,75594.69,-10.84,-2934.84
United States,2021-10-29,72649.0,75060.87,-20.08,-2391.78
United States,2021-10-30,72649.0,74527.05,-28.31,-1849.74
United States,2021-10-31,75169.43,73841.09,27.86,1300.49
United States,2021-11-01,75169.43,73856.97,18.05,1294.4
United States,2021-11-02,75169.43,73872.86,8.32,1288.25
United States,2021-11-03,75169.43,73888.74,-1.32,1282.0
United States,2021-11-04,75169.43,73904.63,-10.84,1275.64
United States,2021-11-05,75169.43,73920.52,-20.08,1269.0
United States,2021-11-06,75169.43,73936.4,-28.31,1261.33
United States,2021-11-07,72887.29,74399.61,27.86,-1540.18
United States,2021-11-08,72887.29,74694.79,18.05,-1825.56
United States,2021-11-09,72887.29,74989.97,8.32,-2111.01
United States,2021-11-10,72887.29,75285.15,-1.32,-2396.54
United States,2021-11-11,72887.29,75580.33,-10.84,-2682.2
United States,2021-11-12,72887.29,75875.52,-20.08,-2968.14
United States,2021-11-13,72887.29,76170.7,-28.31,-3255.1
United States,2021-11-14,79597.14,77605.84,27.86,1963.45
United States,2021-11-15,79597.14,79193.12,18.05,385.96
United States,2021-11-16,79597.14,80780.41,8.32,-1191.59
United States,2021-11-17,79597.14,82367.69,-1.32,-2769.24
United States,2021-11-18,79597.14,83954.98,-10.84,-4347.0
United States,2021-11-19,79597.14,85542.27,-20.08,-5925.04
United States,2021-11-20,79597.14,87129.55,-28.31,-7504.11
United States,2021-11-21,96696.57,87912.25,27.86,8756.47
United States,2021-11-22,96696.57,88247.62,18.05,8430.9
United States,2021-11-23,96696.57,88582.99,8.32,8105.26
United States,2021-11-24,96696.57,88918.36,-1.32,7779.53
United States,2021-11-25,96696.57,89253.73,-10.84,7453.68
United States,2021-11-26,96696.57,89589.1,-20.08,7127.55
United States,2021-11-27,96696.57,89924.47,-28.31,6800.4
United States,2021-11-28,84627.71,91770.54,27.86,-7170.69
United States,2021-11-29,84627.71,92476.64,18.05,-7866.99
United States,2021-11-30,84627.71,93182.75,8.32,-8563.36
United States,2021-12-01,84627.71,93888.85,-1.32,-9259.82
United States,2021-12-02,84627.71,94594.96,-10.84,-9956.41
United States,2021-12-03,84627.71,95301.06,-20.08,-10653.27
United States,2021-12-04,84627.71,96007.17,-28.31,-11351.15
United States,2021-12-05,107288.14,97512.82,27.86,9747.47
United States,2021-12-06,107288.14,99823.05,18.05,7447.03
United States,2021-12-07,107288.14,102133.29,8.32,5146.52
United States,2021-12-08,107288.14,104443.53,-1.32,2845.93
United States,2021-12-09,107288.14,106753.77,-10.84,545.21
United States,2021-12-10,107288.14,109064.01,-20.08,-1755.79
United States,2021-12-11,107288.14,111374.25,-28.31,-4057.8
United States,2021-12-12,119281.29,114295.34,27.86,4958.09
United States,2021-12-13,119281.29,115705.74,18.05,3557.49
United States,2021-12-14,119281.29,117116.14,8.32,2156.82
United States,2021-12-15,119281.29,118526.54,-1.32,756.07
United States,2021-12-16,119281.29,119936.94,-10.84,-644.81
United States,2021-12-17,119281.29,121347.34,-20.08,-2045.97
United States,2021-12-18,119281.29,122757.74,-28.31,-3448.15
United States,2021-12-19,128444.14,129104.43,27.86,-688.15
United States,2021-12-20,128444.14,134651.57,18.05,-6225.49
United States,2021-12-21,128444.14,140198.71,8.32,-11762.9
United States,2021-12-22,128444.14,145745.86,-1.32,-17300.4
United States,2021-12-23,128444.14,151293.0,-10.84,-22838.02
United States,2021-12-24,128444.14,156840.14,-20.08,-28375.92
United States,2021-12-25,128444.14,162387.29,-28.31,-33914.84
United States,2021-12-26,202488.43,180264.13,27.86,22196.44
United States,2021-12-27,202488.43,197530.12,18.05,4940.25
United States,2021-12-28,202488.43,214796.11,8.32,-12316.01
United States,2021-12-29,202488.43,232062.1,-1.32,-29572.36
United States,2021-12-30,202488.43,249328.1,-10.84,-46828.82
United States,2021-12-31,202488.43,266594.09,-20.08,-64085.57
United States,2022-01-01,202488.43,283860.08,-28.31,-81343.34
United States,2022-01-02,387434.0,319896.15,27.86,67509.99
United States,2022-01-03,387434.0,350995.94,18.05,36420.0
United States,2022-01-04,387434.0,382095.73,8.32,5329.94
United States,2022-01-05,387434.0,413195.53,-1.32,-25760.21
United States,2022-01-06,387434.0,444295.32,-10.84,-56850.47
United States,2022-01-07,387434.0,475395.11,-20.08,-87941.02
United States,2022-01-08,387434.0,506494.9,-28.31,-119032.59
United States,2022-01-09,668985.29,546814.08,27.86,122143.36
United States,2022-01-10,668985.29,574803.55,18.05,94163.68
United States,2022-01-11,668985.29,602793.03,8.32,66183.94
United States,2022-01-12,668985.29,630782.51,-1.32,38204.1
United States,2022-01-13,668985.29,658771.98,-10.84,10224.15
United States,2022-01-14,668985.29,686761.46,-20.08,-17756.09
United States,2022-01-15,668985.29,714750.93,-28.31,-45737.34
United States,2022-01-16,807276.14,736949.51,27.86,70298.78
United States,2022-01-17,807276.14,740377.99,18.05,66880.09
United States,2022-01-18,807276.14,743806.48,8.32,63461.34
United States,2022-01-19,807276.14,747234.96,-1.32,60042.5
United States,2022-01-20,807276.14,750663.45,-10.84,56623.53
United States,2022-01-21,807276.14,754091.93,-20.08,53204.29
United States,2022-01-22,807276.14,757520.42,-28.31,49784.03
United States,2022-01-23,720412.57,749009.61,27.86,-28624.89
United States,2022-01-24,720412.57,731279.41,18.05,-10884.89
United States,2022-01-25,720412.57,713549.21,8.32,6855.04
United States,2022-01-26,720412.57,695819.01,-1.32,24594.88
United States,2022-01-27,720412.57,678088.81,-10.84,42334.6
United States,2022-01-28,720412.57,660358.61,-20.08,60074.05
United States,2022-01-29,720412.57,642628.41,-28.31,77812.47
United States,2022-01-30,541323.14,609654.86,27.86,-68359.57
United States,2022-01-31,541323.14,582472.21,18.05,-41167.12
United States,2022-02-01,541323.14,555289.56,8.32,-13974.74
United States,2022-02-02,541323.14,528106.91,-1.32,13217.55
United States,2022-02-03,541323.14,500924.27,-10.84,40409.72
United States,2022-02-04,541323.14,473741.62,-20.08,67601.6
United States,2022-02-05,541323.14,446558.97,-28.31,94792.47
United States,2022-02-06,312672.86,410170.63,27.86,-97525.62
United States,2022-02-07,312672.86,385721.58,18.05,-73066.78
United States,2022-02-08,312672.86,361272.53,8.32,-48608.0
United States,2022-02-09,312672.86,336823.49,-1.32,-24149.31
United States,2022-02-10,312672.86,312374.44,-10.84,309.26
United States,2022-02-11,312672.86,287925.39,-20.08,24767.55
United States,2022-02-12,312672.86,263476.34,-28.31,49224.82
United States,2022-02-13,174587.43,234132.48,27.86,-59572.9
United States,2022-02-14,174587.43,220031.96,18.05,-45462.59
United States,2022-02-15,174587.43,205931.45,8.32,-31352.34
United States,2022-02-16,174587.43,191830.93,-1.32,-17242.18
United States,2022-02-17,174587.43,177730.42,-10.84,-3132.15
United States,2022-02-18,174587.43,163629.9,-20.08,10977.61
United States,2022-02-19,174587.43,149529.39,-28.31,25086.35
United States,2022-02-20,101165.14,133049.03,27.86,-31911.74
United States,2022-02-21,101165.14,125774.36,18.05,-24627.28
United States,2022-02-22,101165.14,118499.69,8.32,-17342.88
United States,2022-02-23,101165.14,111225.03,-1.32,-10058.57
United States,2022-02-24,101165.14,103950.36,-10.84,-2774.38
United States,2022-02-25,101165.14,96675.69,-20.08,4509.53
United States,2022-02-26,101165.14,89401.03,-28.31,11792.42
United States,2022-02-27,65467.43,80928.62,27.86,-15489.04
United States,2022-02-28,65467.43,77351.03,18.05,-11901.65
United States,2022-03-01,65467.43,73773.44,8.32,-8314.33
United States,2022-03-02,65467.43,70195.85,-1.32,-4727.1
United States,2022-03-03,65467.43,66618.26,-10.84,-1139.99
United States,2022-03-04,65467.43,63040.67,-20.08,2446.84
United States,2022-03-05,65467.43,59463.08,-28.31,6032.66
United States,2022-03-06,47501.29,54950.47,27.86,-7477.04
United States,2022-03-07,47501.29,52817.71,18.05,-5334.47
United States,2022-03-08,47501.29,50684.95,8.32,-3191.98
United States,2022-03-09,47501.29,48552.18,-1.32,-1049.57
United States,2022-03-10,47501.29,46419.42,-10.84,1092.71
United States,2022-03-11,47501.29,44286.66,-20.08,3234.71
United States,2022-03-12,47501.29,42153.9,-28.31,5375.7
United States,2022-03-13,33476.0,39777.4,27.86,-6329.26
United States,2022-03-14,33476.0,38598.65,18.05,-5140.7
United States,2022-03-15,33476.0,37419.9,8.32,-3952.22
United States,2022-03-16,33476.0,36241.14,-1.32,-2763.82
United States,2022-03-17,33476.0,35062.39,-10.84,-1575.55
United States,2022-03-18,33476.0,33883.64,-20.08,-387.56
United States,2022-03-19,33476.0,32704.89,-28.31,799.42
United States,2022-03-20,29820.0,31380.7,27.86,-1588.55
United States,2022-03-21,29820.0,30991.52,18.05,-1189.58
United States,2022-03-22,29820.0,30602.35,8.32,-790.68
United States,2022-03-23,29820.0,30213.18,-1.32,-391.86
United States,2022-03-24,29820.0,29824.01,-10.84,6.83
United States,2022-03-25,29820.0,29434.84,-20.08,405.24
United States,2022-03-26,29820.0,29045.67,-28.31,802.64
United States,2022-03-27,27638.43,28665.97,27.86,-1055.4
United States,2022-03-28,27638.43,28530.01,18.05,-909.63
United States,2022-03-29,27638.43,28394.05,8.32,-763.94
United States,2022-03-30,27638.43,28258.09,-1.32,-618.34
United States,2022-03-31,27638.43,28122.12,-10.84,-472.85
United States,2022-04-01,27638.43,27986.16,-20.08,-327.65
United States,2022-04-02,27638.43,27850.2,-28.31,-183.46
United States,2022-04-03,27780.57,27778.31,27.86,-25.6
United States,2022-04-04,27780.57,27851.87,18.05,-89.35
United States,2022-04-05,27780.57,27925.42,8.32,-153.17
United States,2022-04-06,27780.57,27998.97,-1.32,-217.08
United States,2022-04-07,27780.57,28072.52,-10.84,-281.11
United States,2022-04-08,27780.57,28146.07,-20.08,-345.42
United States,2022-04-09,27780.57,28219.63,-28.31,-410.75
United States,2022-04-10,28741.71,28738.39,27.86,-24.53
United States,2022-04-11,28741.71,29247.67,18.05,-524.02
United States,2022-04-12,28741.71,29756.96,8.32,-1023.57
United States,2022-04-13,28741.71,30266.25,-1.32,-1523.22
United States,2022-04-14,28741.71,30775.53,-10.84,-2022.98
United States,2022-04-15,28741.71,31284.82,-20.08,-2523.03
United States,2022-04-16,28741.71,31794.1,-28.31,-3024.09
United States,2022-04-17,35419.86,32806.08,27.86,2585.93
United States,2022-04-18,35419.86,33753.97,18.05,1647.83
United States,2022-04-19,35419.86,34701.87,8.32,709.67
United States,2022-04-20,35419.86,35649.76,-1.32,-228.58
United States,2022-04-21,35419.86,36597.66,-10.84,-1166.96
United States,2022-04-22,35419.86,37545.55,-20.08,-2105.61
United States,2022-04-23,35419.86,38493.45,-28.31,-3045.28
United States,2022-04-24,42960.14,40182.56,27.86,2749.72
United States,2022-04-25,42960.14,41426.47,18.05,1515.62
United States,2022-04-26,42960.14,42670.37,8.32,281.45
United States,2022-04-27,42960.14,43914.28,-1.32,-952.82
United States,2022-04-28,42960.14,45158.18,-10.84,-2187.2
United States,2022-04-29,42960.14,46402.09,-20.08,-3421.86
United States,2022-04-30,42960.14,47645.99,-28.31,-4657.54
United States,2022-05-01,54078.43,49719.5,27.86,4331.07
United States,2022-05-02,54078.43,51290.33,18.05,2770.04
United States,2022-05-03,54078.43,52861.16,8.32,1208.95
United States,2022-05-04,54078.43,54431.99,-1.32,-352.24
United States,2022-05-05,54078.43,56002.82,-10.84,-1913.55
United States,2022-05-06,54078.43,57573.65,-20.08,-3475.13
United States,2022-05-07,54078.43,59144.48,-28.31,-5037.74
United States,2022-05-08,66522.57,62041.94,27.86,4452.77
United States,2022-05-09,66522.57,64198.19,18.05,2306.33
United States,2022-05-10,66522.57,66354.44,8.32,159.81
United States,2022-05-11,66522.57,68510.68,-1.32,-1986.8
United States,2022-05-12,66522.57,70666.93,-10.84,-4133.52
United States,2022-05-13,66522.57,72823.18,-20.08,-6280.53
United States,2022-05-14,66522.57,74979.43,-28.31,-8428.55
United States,2022-05-15,86422.14,78369.39,27.86,8024.9
United States,2022-05-16,86422.14,80929.74,18.05,5474.34
United States,2022-05-17,86422.14,83490.09,8.32,2923.72
United States,2022-05-18,86422.14,86050.45,-1.32,373.01
United States,2022-05-19,86422.14,88610.8,-10.84,-2177.82
United States,2022-05-20,86422.14,91171.15,-20.08,-4728.93
United States,2022-05-21,86422.14,93731.5,-28.31,-7281.06
United States,2022-05-22,104927.86,96351.14,27.86,8548.86
United States,2022-05-23,104927.86,97644.14,18.05,7265.66
United States,2022-05-24,104927.86,98937.14,8.32,5982.39
United States,2022-05-25,104927.86,100230.14,-1.32,4699.04
United States,2022-05-26,104927.86,101523.14,-10.84,3415.56
United States,2022-05-27,104927.86,102816.14,-20.08,2131.8
United States,2022-05-28,104927.86,104109.14,-28.31,847.02
United States,2022-05-29,105817.14,104782.21,27.86,1007.07
United States,2022-05-30,105817.14,104221.56,18.05,1577.52
United States,2022-05-31,105817.14,103660.91,8.32,2147.9
United States,2022-06-01,105817.14,103100.27,-1.32,2718.19
United States,2022-06-02,105817.14,102539.62,-10.84,3288.36
United States,2022-06-03,105817.14,101978.97,-20.08,3858.25
United States,2022-06-04,105817.14,101418.32,-28.31,4427.12
United States,2022-06-05,96518.14,101480.69,27.86,-4990.41
United States,2022-06-06,96518.14,101483.78,18.05,-4983.69
United States,2022-06-07,96518.14,101486.86,8.32,-4977.05
United States,2022-06-08,96518.14,101489.95,-1.32,-4970.49
United States,2022-06-09,96518.14,101493.04,-10.84,-4964.06
United States,2022-06-10,96518.14,101496.12,-20.08,-4957.9
United States,2022-06-11,96518.14,101499.21,-28.31,-4952.76
United States,2022-06-12,105863.43,100847.17,27.86,4988.4
United States,2022-06-13,105863.43,100815.07,18.05,5030.31
United States,2022-06-14,105863.43,100782.96,8.32,5072.15
United States,2022-06-15,105863.43,100750.86,-1.32,5113.89
United States,2022-06-16,105863.43,100718.75,-10.84,5155.52
United States,2022-06-17,105863.43,100686.65,-20.08,5196.87
United States,2022-06-18,105863.43,100654.54,-28.31,5237.19
United States,2022-06-19,96036.57,100978.45,27.86,-4969.73
United States,2022-06-20,96036.57,100679.33,18.05,-4660.82
United States,2022-06-21,96036.57,100380.22,8.32,-4351.97
United States,2022-06-22,96036.57,100081.1,-1.32,-4043.21
United States,2022-06-23,96036.57,99781.99,-10.84,-3734.58
United States,2022-06-24,96036.57,99482.87,-20.08,-3426.22
United States,2022-06-25,96036.57,99183.76,-28.31,-3118.88
United States,2022-06-26,101376.71,99495.45,27.86,1853.4
United States,2022-06-27,101376.71,100462.27,18.05,896.38
United States,2022-06-28,101376.71,101429.09,8.32,-60.71
United States,2022-06-29,101376.71,102395.91,-1.32,-1017.88
United States,2022-06-30,101376.71,103362.73,-10.84,-1975.18
United States,2022-07-01,101376.71,104329.55,-20.08,-2932.76
United States,2022-07-02,101376.71,105296.37,-28.31,-3891.36
United States,2022-07-03,110538.86,105977.45,27.86,4533.56
United States,2022-07-04,110538.86,106302.51,18.05,4218.29
United States,2022-07-05,110538.86,106627.58,8.32,3902.96
United States,2022-07-06,110538.86,106952.65,-1.32,3587.53
United States,2022-07-07,110538.86,107277.71,-10.84,3271.99
United States,2022-07-08,110538.86,107602.78,-20.08,2956.16
United States,2022-07-09,110538.86,107927.85,-28.31,2639.32
United States,2022-07-10,106252.71,109628.72,27.86,-3403.87
United States,2022-07-11,106252.71,110718.79,18.05,-4484.13
United States,2022-07-12,106252.71,111808.86,8.32,-5564.47
United States,2022-07-13,106252.71,112898.92,-1.32,-6644.89
United States,2022-07-14,106252.71,113988.99,-10.84,-7725.44
United States,2022-07-15,106252.71,115079.06,-20.08,-8806.26
United States,2022-07-16,106252.71,116169.12,-28.31,-9888.11
United States,2022-07-17,126889.86,117454.1,27.86,9407.9
United States,2022-07-18,126889.86,119024.83,18.05,7846.98
United States,2022-07-19,126889.86,120595.55,8.32,6285.99
United States,2022-07-20,126889.86,122166.28,-1.32,4724.9
United States,2022-07-21,126889.86,123737.0,-10.84,3163.7
United States,2022-07-22,126889.86,125307.72,-20.08,1602.22
United States,2022-07-23,126889.86,126878.45,-28.31,39.72
United States,2022-07-24,129813.57,128823.34,27.86,962.37
United States,2022-07-25,129813.57,129392.43,18.05,403.09
United States,2022-07-26,129813.57,129961.51,8.32,-156.27
United States,2022-07-27,129813.57,130530.6,-1.32,-715.71
United States,2022-07-28,129813.57,131099.68,-10.84,-1275.27
United States,2022-07-29,129813.57,131668.77,-20.08,-1835.12
United States,2022-07-30,129813.57,132237.86,-28.31,-2395.98
United States,2022-07-31,135426.14,131283.78,27.86,4114.51
United States,2022-08-01,135426.14,130134.79,18.05,5273.3
United States,2022-08-02,135426.14,128985.8,8.32,6432.02
United States,2022-08-03,135426.14,127836.81,-1.32,7590.65
United States,2022-08-04,135426.14,126687.82,-10.84,8749.17
United States,2022-08-05,135426.14,125538.83,-20.08,9907.4
United States,2022-08-06,135426.14,124389.83,-28.31,11064.61
United States,2022-08-07,112578.71,122417.67,27.86,-9866.82
United States,2022-08-08,112578.71,120071.34,18.05,-7510.68
United States,2022-08-09,112578.71,117725.01,8.32,-5154.62
United States,2022-08-10,112578.71,115378.67,-1.32,-2798.64
United States,2022-08-11,112578.71,113032.34,-10.84,-442.79
United States,2022-08-12,112578.71,110686.01,-20.08,1912.79
United States,2022-08-13,112578.71,108339.67,-28.31,4267.34
United States,2022-08-14,100231.14,105453.41,27.86,-5250.12
United States,2022-08-15,100231.14,104090.3,18.05,-3877.22
United States,2022-08-16,100231.14,102727.2,8.32,-2504.38
United States,2022-08-17,100231.14,101364.09,-1.32,-1131.63
United States,2022-08-18,100231.14,100000.99,-10.84,240.99
United States,2022-08-19,100231.14,98637.88,-20.08,1613.34
United States,2022-08-20,100231.14,97274.78,-28.31,2984.67
United States,2022-08-21,92132.14,95582.19,27.86,-3477.9
United States,2022-08-22,92132.14,94712.77,18.05,-2598.68
United States,2022-08-23,92132.14,93843.35,8.32,-1719.53
United States,2022-08-24,92132.14,92973.93,-1.32,-840.47
United States,2022-08-25,92132.14,92104.51,-10.84,38.47
United States,2022-08-26,92132.14,91235.09,-20.08,917.13
United States,2022-08-27,92132.14,90365.68,-28.31,1794.77
United States,2022-08-28,87189.86,89210.87,27.86,-2048.86
United States,2022-08-29,87189.86,88595.99,18.05,-1424.19
United States,2022-08-30,87189.86,87981.11,8.32,-799.58
United States,2022-08-31,87189.86,87366.24,-1.32,-175.06
United States,2022-09-01,87189.86,86751.36,-10.84,449.34
United States,2022-09-02,87189.86,86136.49,-20.08,1073.46
United States,2022-09-03,87189.86,85521.61,-28.31,1696.55
United States,2022-09-04,82909.0,83660.51,27.86,-779.36
United States,2022-09-05,82909.0,82128.89,18.05,762.06
United States,2022-09-06,82909.0,80597.27,8.32,2303.41
United States,2022-09-07,82909.0,79065.65,-1.32,3844.67
United States,2022-09-08,82909.0,77534.03,-10.84,5385.81
United States,2022-09-09,82909.0,76002.41,-20.08,6926.67
United States,2022-09-10,82909.0,74470.79,-28.31,8466.52
United States,2022-09-11,64215.57,72533.38,27.86,-8345.67
United States,2022-09-12,64215.57,70881.36,18.05,-6683.85
United States,2022-09-13,64215.57,69229.34,8.32,-5022.09
United States,2022-09-14,64215.57,67577.32,-1.32,-3360.43
United States,2022-09-15,64215.57,65925.3,-10.84,-1698.89
United States,2022-09-16,64215.57,64273.28,-20.08,-37.63
United States,2022-09-17,64215.57,62621.26,-28.31,1622.61
United States,2022-09-18,58128.71,60605.66,27.86,-2504.81
United States,2022-09-19,58128.71,59836.29,18.05,-1725.64
United States,2022-09-20,58128.71,59066.92,8.32,-946.53
United States,2022-09-21,58128.71,58297.55,-1.32,-167.52
United States,2022-09-22,58128.71,57528.18,-10.84,611.37
United States,2022-09-23,58128.71,56758.81,-20.08,1389.99
United States,2022-09-24,58128.71,55989.44,-28.31,2167.58
United States,2022-09-25,52675.0,54767.77,27.86,-2120.63
United States,2022-09-26,52675.0,53951.89,18.05,-1294.95
United States,2022-09-27,52675.0,53136.02,8.32,-469.34
United States,2022-09-28,52675.0,52320.14,-1.32,356.18
United States,2022-09-29,52675.0,51504.27,-10.84,1181.58
United States,2022-09-30,52675.0,50688.39,-20.08,2006.69
United States,2022-10-01,52675.0,49872.51,-28.31,2830.79
United States,2022-10-02,45890.57,48669.49,27.86,-2806.78
United States,2022-10-03,45890.57,47830.06,18.05,-1957.54
United States,2022-10-04,45890.57,46990.62,8.32,-1108.37
United States,2022-10-05,45890.57,46151.18,-1.32,-259.29
United States,2022-10-06,45890.57,45311.74,-10.84,589.67
United States,2022-10-07,45890.57,44472.3,-20.08,1438.35
United States,2022-10-08,45890.57,43632.87,-28.31,2286.01
United States,2022-10-09,40083.43,42514.34,27.86,-2458.77
United States,2022-10-10,40083.43,41848.11,18.05,-1782.74
United States,2022-10-11,40083.43,41181.89,8.32,-1106.78
United States,2022-10-12,40083.43,40515.66,-1.32,-430.91
United States,2022-10-13,40083.43,39849.43,-10.84,244.84
United States,2022-10-14,40083.43,39183.2,-20.08,920.31
United States,2022-10-15,40083.43,38516.97,-28.31,1594.76
United States,2022-10-16,35897.14,38159.83,27.86,-2290.54
United States,2022-10-17,35897.14,38189.83,18.05,-2310.74
United States,2022-10-18,35897.14,38219.83,8.32,-2331.01
United States,2022-10-19,35897.14,38249.83,-1.32,-2351.37
United States,2022-10-20,35897.14,38279.83,-10.84,-2371.85
United States,2022-10-21,35897.14,38309.83,-20.08,-2392.61
United States,2022-10-22,35897.14,38339.83,-28.31,-2414.38
United States,2022-10-23,40533.43,38097.66,27.86,2407.92
United States,2022-10-24,40533.43,38134.57,18.05,2380.8
United States,2022-10-25,40533.43,38171.49,8.32,2353.62
United States,2022-10-26,40533.43,38208.4,-1.32,2326.35
United States,2022-10-27,40533.43,38245.32,-10.84,2298.96
United States,2022-10-28,40533.43,38282.23,-20.08,2271.28
United States,2022-10-29,40533.43,38319.14,-28.31,2242.59
United States,2022-10-30,36450.86,38471.75,27.86,-2048.75
United States,2022-10-31,36450.86,38315.28,18.05,-1882.47
United States,2022-11-01,36450.86,38158.8,8.32,-1716.27
United States,2022-11-02,36450.86,38002.33,-1.32,-1550.15
United States,2022-11-03,36450.86,37845.85,-10.84,-1384.15
United States,2022-11-04,36450.86,37689.37,-20.08,-1218.43
United States,2022-11-05,36450.86,37532.9,-28.31,-1053.73
United States,2022-11-06,38186.29,37524.93,27.86,633.51
United States,2022-11-07,38186.29,37789.13,18.05,379.11
United States,2022-11-08,38186.29,38053.33,8.32,124.64
United States,2022-11-09,38186.29,38317.53,-1.32,-129.92
United States,2022-11-10,38186.29,38581.73,-10.84,-384.6
United States,2022-11-11,38186.29,38845.93,-20.08,-639.55
United States,2022-11-12,38186.29,39110.13,-28.31,-895.53
United States,2022-11-13,40413.86,39298.97,27.86,1087.04
United States,2022-11-14,40413.86,39372.11,18.05,1023.7
United States,2022-11-15,40413.86,39445.25,8.32,960.29
United States,2022-11-16,40413.86,39518.39,-1.32,896.79
United States,2022-11-17,40413.86,39591.54,-10.84,833.17
United States,2022-11-18,40413.86,39664.68,-20.08,769.26
United States,2022-11-19,40413.86,39737.82,-28.31,704.34
United States,2022-11-20,39283.43,40050.84,27.86,-795.27
United States,2022-11-21,39283.43,40215.35,18.05,-949.98
United States,2022-11-22,39283.43,40379.87,8.32,-1104.76
United States,2022-11-23,39283.43,40544.38,-1.32,-1259.63
United States,2022-11-24,39283.43,40708.9,-10.84,-1414.62
United States,2022-11-25,39283.43,40873.41,-20.08,-1569.9
United States,2022-11-26,39283.43,41037.92,-28.31,-1726.19
United States,2022-11-27,42881.57,41225.56,27.86,1628.15
United States,2022-11-28,42881.57,41488.56,18.05,1374.95
United States,2022-11-29,42881.57,41751.56,8.32,1121.69
United States,2022-11-30,42881.57,42014.56,-1.32,868.33
United States,2022-12-01,42881.57,42277.56,-10.84,614.85
United States,2022-12-02,42881.57,42540.56,-20.08,361.09
United States,2022-12-03,42881.57,42803.56,-28.31,106.31
United States,2022-12-04,43228.43,44586.79,27.86,-1386.22
United States,2022-12-05,43228.43,46130.14,18.05,-2919.77
United States,2022-12-06,43228.43,47673.5,8.32,-4453.39
United States,2022-12-07,43228.43,49216.85,-1.32,-5987.1
United States,2022-12-08,43228.43,50760.2,-10.84,-7520.93
United States,2022-12-09,43228.43,52303.55,-20.08,-9055.04
United States,2022-12-10,43228.43,53846.91,-28.31,-10590.17
United States,2022-12-11,66031.86,55235.89,27.86,10768.12
United States,2022-12-12,66031.86,56601.75,18.05,9412.06
United States,2022-12-13,66031.86,57967.6,8.32,8055.93
United States,2022-12-14,66031.86,59333.46,-1.32,6699.72
United States,2022-12-15,66031.86,60699.32,-10.84,5343.38
United States,2022-12-16,66031.86,62065.17,-20.08,3986.77
United States,2022-12-17,66031.86,63431.03,-28.31,2629.13
United States,2022-12-18,63716.29,65387.32,27.86,-1698.88
United States,2022-12-19,63716.29,65823.37,18.05,-2125.14
United States,2022-12-20,63716.29,66259.43,8.32,-2551.46
United States,2022-12-21,63716.29,66695.49,-1.32,-2977.88
United States,2022-12-22,63716.29,67131.54,-10.84,-3404.41
United States,2022-12-23,63716.29,67567.6,-20.08,-3831.23
United States,2022-12-24,63716.29,68003.66,-28.31,-4259.06
United States,2022-12-25,72572.71,67336.8,27.86,5208.05
United States,2022-12-26,72572.71,66824.31,18.05,5730.34
United States,2022-12-27,72572.71,66311.83,8.32,6252.56
United States,2022-12-28,72572.71,65799.34,-1.32,6774.69
United States,2022-12-29,72572.71,65286.86,-10.84,7296.7
United States,2022-12-30,72572.71,64774.37,-20.08,7818.42
United States,2022-12-31,72572.71,64261.88,-28.31,8339.13
United States,2023-01-01,56029.0,64506.65,27.86,-8505.5
United States,2023-01-02,56029.0,64160.98,18.05,-8150.03
United States,2023-01-03,56029.0,63815.31,8.32,-7794.63
United States,2023-01-04,56029.0,63469.65,-1.32,-7439.33
United States,2023-01-05,56029.0,63123.98,-10.84,-7084.14
United States,2023-01-06,56029.0,62778.31,-20.08,-6729.23
United States,2023-01-07,56029.0,62432.65,-28.31,-6375.34
United States,2023-01-08,67387.71,61862.01,27.86,5497.85
United States,2023-01-09,67387.71,62394.28,18.05,4975.37
United States,2023-01-10,67387.71,62926.56,8.32,4452.83
United States,2023-01-11,67387.71,63458.84,-1.32,3930.19
United States,2023-01-12,67387.71,63991.11,-10.84,3407.44
United States,2023-01-13,67387.71,64523.39,-20.08,2884.41
United States,2023-01-14,67387.71,65055.66,-28.31,2360.35
United States,2023-01-15,64013.14,64253.97,27.86,-268.68
United States,2023-01-16,64013.14,62695.03,18.05,1300.06
United States,2023-01-17,64013.14,61136.08,8.32,2868.73
United States,2023-01-18,64013.14,59577.14,-1.32,4437.32
United States,2023-01-19,64013.14,58018.2,-10.84,6005.78
United States,2023-01-20,64013.14,56459.25,-20.08,7573.97
United States,2023-01-21,64013.14,54900.31,-28.31,9141.13
United States,2023-01-22,44003.57,53216.06,27.86,-9240.34
United States,2023-01-23,44003.57,51756.77,18.05,-7771.25
United States,2023-01-24,44003.57,50297.48,8.32,-6302.24
United States,2023-01-25,44003.57,48838.2,-1.32,-4833.31
United States,2023-01-26,44003.57,47378.91,-10.84,-3364.5
United States,2023-01-27,44003.57,45919.63,-20.08,-1895.98
United States,2023-01-28,44003.57,44460.34,-28.31,-428.47
United States,2023-01-29,42123.86,42910.91,27.86,-814.91
United States,2023-01-30,42123.86,42695.46,18.05,-589.65
United States,2023-01-31,42123.86,42480.0,8.32,-364.46
United States,2023-02-01,42123.86,42264.54,-1.32,-139.36
United States,2023-02-02,42123.86,42049.09,-10.84,85.62
United States,2023-02-03,42123.86,41833.63,-20.08,310.31
United States,2023-02-04,42123.86,41618.17,-28.31,533.99
United States,2023-02-05,40771.71,41334.39,27.86,-590.54
United States,2023-02-06,40771.71,41175.92,18.05,-422.27
United States,2023-02-07,40771.71,41017.46,8.32,-254.07
United States,2023-02-08,40771.71,40858.99,-1.32,-85.96
United States,2023-02-09,40771.71,40700.52,-10.84,82.03
United States,2023-02-10,40771.71,40542.06,-20.08,249.74
United States,2023-02-11,40771.71,40383.59,-28.31,416.43
United States,2023-02-12,39746.86,39997.92,27.86,-278.92
United States,2023-02-13,39746.86,39702.4,18.05,26.41
United States,2023-02-14,39746.86,39406.88,8.32,331.66
United States,2023-02-15,39746.86,39111.35,-1.32,636.83
United States,2023-02-16,39746.86,38815.83,-10.84,941.87
United States,2023-02-17,39746.86,38520.31,-20.08,1246.64
United States,2023-02-18,39746.86,38224.78,-28.31,1550.38
United States,2023-02-19,36338.86,38051.13,27.86,-1740.12
United States,2023-02-20,36338.86,37945.79,18.05,-1624.99
United States,2023-02-21,36338.86,37840.46,8.32,-1509.92
United States,2023-02-22,36338.86,37735.13,-1.32,-1394.95
United States,2023-02-23,36338.86,37629.79,-10.84,-1280.09
United States,2023-02-24,36338.86,37524.46,-20.08,-1165.52
United States,2023-02-25,36338.86,37419.13,-28.31,-1051.96
United States,2023-02-26,38166.86,36939.13,27.86,1199.88
United States,2023-02-27,38166.86,36686.33,18.05,1462.48
United States,2023-02-28,38166.86,36433.53,8.32,1725.01
United States,2023-03-01,38166.86,36180.73,-1.32,1987.45
United States,2023-03-02,38166.86,35927.93,-10.84,2249.77
United States,2023-03-03,38166.86,35675.13,-20.08,2511.82
United States,2023-03-04,38166.86,35422.33,-28.31,2772.84
United States,2023-03-05,32546.86,34624.43,27.86,-2105.43
United States,2023-03-06,32546.86,33704.67,18.05,-1175.86
United States,2023-03-07,32546.86,32784.91,8.32,-246.37
United States,2023-03-08,32546.86,31865.15,-1.32,683.03
United States,2023-03-09,32546.86,30945.38,-10.84,1612.32
United States,2023-03-10,32546.86,30025.62,-20.08,2541.32
United States,2023-03-11,32546.86,29105.86,-28.31,3469.31
United States,2023-03-12,24370.43,27767.24,27.86,-3424.67
United States,2023-03-13,24370.43,26803.29,18.05,-2450.91
United States,2023-03-14,24370.43,25839.33,8.32,-1477.23
United States,2023-03-15,24370.43,24875.38,-1.32,-503.63
United States,2023-03-16,24370.43,23911.43,-10.84,469.84
United States,2023-03-17,24370.43,22947.48,-20.08,1443.04
United States,2023-03-18,24370.43,21983.52,-28.31,2415.21
United States,2023-03-19,18087.57,21270.57,27.86,-3210.86
United States,2023-03-20,18087.57,21102.71,18.05,-3033.2
United States,2023-03-21,18087.57,20934.86,8.32,-2855.61
United States,2023-03-22,18087.57,20767.0,-1.32,-2678.11
United States,2023-03-23,18087.57,20599.14,-10.84,-2500.73
United States,2023-03-24,18087.57,20431.28,-20.08,-2323.63
United States,2023-03-25,18087.57,20263.43,-28.31,-2147.55
United States,2023-03-26,21852.57,20318.33,27.86,1506.38
United States,2023-03-27,21852.57,20792.09,18.05,1042.42
United States,2023-03-28,21852.57,21265.86,8.32,578.39
United States,2023-03-29,21852.57,21739.62,-1.32,114.27
United States,2023-03-30,21852.57,22213.38,-10.84,-349.97
United States,2023-03-31,21852.57,22687.14,-20.08,-814.49
United States,2023-04-01,21852.57,23160.9,-28.31,-1280.03
United States,2023-04-02,25194.0,22940.51,27.86,2225.63
United States,2023-04-03,25194.0,22469.12,18.05,2706.82
United States,2023-04-04,25194.0,21997.73,8.32,3187.95
United States,2023-04-05,25194.0,21526.34,-1.32,3668.98
United States,2023-04-06,25194.0,21054.95,-10.84,4149.89
United States,2023-04-07,25194.0,20583.56,-20.08,4630.52
United States,2023-04-08,25194.0,20112.17,-28.31,5110.14
United States,2023-04-09,14781.71,19646.35,27.86,-4892.5
United States,2023-04-10,14781.71,18957.77,18.05,-4194.11
United States,2023-04-11,14781.71,18269.19,8.32,-3495.8
United States,2023-04-12,14781.71,17580.61,-1.32,-2797.58
United States,2023-04-13,14781.71,16892.03,-10.84,-2099.48
United States,2023-04-14,14781.71,16203.45,-20.08,-1401.65
United States,2023-04-15,14781.71,15514.87,-28.31,-704.85
United States,2023-04-16,14865.29,14773.05,27.86,64.39
United States,2023-04-17,14865.29,14725.38,18.05,121.85
United States,2023-04-18,14865.29,14677.71,8.32,179.25
United States,2023-04-19,14865.29,14630.05,-1.32,236.56
United States,2023-04-20,14865.29,14582.38,-10.84,293.75
United States,2023-04-21,14865.29,14534.71,-20.08,350.66
United States,2023-04-22,14865.29,14487.05,-28.31,406.55
United States,2023-04-23,14066.71,14325.26,27.86,-286.4
United States,2023-04-24,14066.71,14157.9,18.05,-109.24
United States,2023-04-25,14066.71,13990.53,8.32,67.85
United States,2023-04-26,14066.71,13823.17,-1.32,244.86
United States,2023-04-27,14066.71,13655.81,-10.84,421.74
United States,2023-04-28,14066.71,13488.45,-20.08,598.35
United States,2023-04-29,14066.71,13390.1,-28.31,704.91
United States,2023-04-30,12354.86,13276.63,27.86,-949.62
United States,2023-05-01,12354.86,13210.78,18.05,-873.98
United States,2023-05-02,12354.86,13132.97,8.32,-786.44
United States,2023-05-03,12354.86,13039.6,-1.32,-683.42
United States,2023-05-04,12354.86,12925.48,-10.84,-559.78
United States,2023-05-05,12354.86,12782.82,-20.08,-407.88
